No.,Placement ID,X,Y,Angle,Component Name,Place/Adhesive,Mark,Area Bad Mark,Skip,Trial,Layer,Placement Monitor,Machine,Adhe Skip,Adhesive Test,Adhesive Machine
1,BGA1,47.39,11.82,180,BGA48_8000X6000_H01,Place,No,No,No,No,Layer 4,Not used,Auto,No,No,Auto
2,BGA2,47.52,19.95,180,BGA48_8000X6000_H01,Place,No,No,No,No,Layer 4,Not used,Auto,No,No,Auto
3,BGA3,123.09,13.86,180,BGA48R08_H01,Place,No,No,No,No,Layer 4,Not used,Auto,No,No,Auto
4,BGA4,123.09,27.06,180,BGA48R08_H01,Place,No,No,No,No,Layer 4,Not used,Auto,No,No,Auto
5,C1,8.1,178.38,0,C1210_H01,Place,No,No,No,No,Layer 4,Not used,Auto,No,No,Auto
6,C2,8.35,182.6,0,C1210_H01,Place,No,No,No,No,Layer 4,Not used,Auto,No,No,Auto
7,C3,10.77,74.1,180,TANTD_H01,Place,No,No,No,No,Layer 4,Not used,Auto,No,No,Auto
8,C4,8.61,186.56,0,C1210_H01,Place,No,No,No,No,Layer 4,Not used,Auto,No,No,Auto
9,C5,11.02,80.2,180,TANTD_H01,Place,No,No,No,No,Layer 4,Not used,Auto,No,No,Auto
10,C6,8.86,190.27,0,C1210_H01,Place,No,No,No,No,Layer 4,Not used,Auto,No,No,Auto
11,C7,11.27,85.78,180,TANTD_H01,Place,No,No,No,No,Layer 4,Not used,Auto,No,No,Auto
12,C8,9.11,193.72,0,C1210_H01,Place,No,No,No,No,Layer 4,Not used,Auto,No,No,Auto
13,C9,11.53,90.86,180,TANTD_H01,Place,No,No,No,No,Layer 4,Not used,Auto,No,No,Auto
14,C10,9.37,196.92,0,C1210_H01,Place,No,No,No,No,Layer 4,Not used,Auto,No,No,Auto
15,C11,9.5,200,0,C1210_H01,Place,No,No,No,No,Layer 4,Not used,Auto,No,No,Auto
16,C12,12,163,45,C1206_800_H01,Place,No,No,No,No,Layer 4,Not used,Auto,No,No,Auto
17,C13,13.99,178.38,0,C1210_H01,Place,No,No,No,No,Layer 4,Not used,Auto,No,No,Auto
18,C14,13.99,182.6,0,C1210_H01,Place,No,No,No,No,Layer 4,Not used,Auto,No,No,Auto
19,C15,13.99,186.56,0,C1210_H01,Place,No,No,No,No,Layer 4,Not used,Auto,No,No,Auto
20,C16,13.99,190.27,0,C1210_H01,Place,No,No,No,No,Layer 4,Not used,Auto,No,No,Auto
21,C17,13.99,193.72,0,C1210_H01,Place,No,No,No,No,Layer 4,Not used,Auto,No,No,Auto
22,C18,13.99,196.92,0,C1210_H01,Place,No,No,No,No,Layer 4,Not used,Auto,No,No,Auto
23,C19,13.99,200,0,C1210_H01,Place,No,No,No,No,Layer 4,Not used,Auto,No,No,Auto
24,C20,20.62,74.1,180,TANTD_H01,Place,No,No,No,No,Layer 4,Not used,Auto,No,No,Auto
25,C21,20.62,80.2,180,TANTD_H01,Place,No,No,No,No,Layer 4,Not used,Auto,No,No,Auto
26,C22,20.62,85.78,180,TANTD_H01,Place,No,No,No,No,Layer 4,Not used,Auto,No,No,Auto
27,C23,20.62,90.86,180,TANTD_H01,Place,No,No,No,No,Layer 4,Not used,Auto,No,No,Auto
28,C24,19,156,45,C1206_800_H01,Place,No,No,No,No,Layer 4,Not used,Auto,No,No,Auto
29,C25,18.16,179.62,90,C1210_H01,Place,No,No,No,No,Layer 4,Not used,Auto,No,No,Auto
30,C26,18.16,184.76,90,C1210_H01,Place,No,No,No,No,Layer 4,Not used,Auto,No,No,Auto
31,C27,18.16,189.63,90,C1210_H01,Place,No,No,No,No,Layer 4,Not used,Auto,No,No,Auto
32,C28,18.16,194.26,90,C1210_H01,Place,No,No,No,No,Layer 4,Not used,Auto,No,No,Auto
33,C29,18.16,198.75,90,C1210_H01,Place,No,No,No,No,Layer 4,Not used,Auto,No,No,Auto
34,C30,24.1,183.87,180,C1206_800_H01,Place,No,No,No,No,Layer 4,Not used,Auto,No,No,Auto
35,C31,24.23,187.17,180,C1206_800_H01,Place,No,No,No,No,Layer 4,Not used,Auto,No,No,Auto
36,C32,24.48,190.22,180,C1206_800_H01,Place,No,No,No,No,Layer 4,Not used,Auto,No,No,Auto
37,C33,24.74,193.01,180,C1206_800_H01,Place,No,No,No,No,Layer 4,Not used,Auto,No,No,Auto
38,C34,24.99,195.55,180,C1206_800_H01,Place,No,No,No,No,Layer 4,Not used,Auto,No,No,Auto
39,C35,25.37,197.84,180,C1206_800_H01,Place,No,No,No,No,Layer 4,Not used,Auto,No,No,Auto
40,C36,25.5,200,180,C1206_800_H01,Place,No,No,No,No,Layer 4,Not used,Auto,No,No,Auto
41,C37,27.86,28.02,90,ALCAP_7000X7000_H01,Place,No,No,No,No,Layer 4,Not used,Auto,No,No,Auto
42,C38,27.86,38.49,90,ALCAP_7000X7000_H01,Place,No,No,No,No,Layer 4,Not used,Auto,No,No,Auto
43,C39,28.22,73.14,270,TANTD_H01,Place,No,No,No,No,Layer 4,Not used,Auto,No,No,Auto
44,C40,28.22,82.74,270,TANTD_H01,Place,No,No,No,No,Layer 4,Not used,Auto,No,No,Auto
45,C41,28.22,91.83,270,TANTD_H01,Place,No,No,No,No,Layer 4,Not used,Auto,No,No,Auto
46,C42,29.99,183.87,180,C1206_800_H01,Place,No,No,No,No,Layer 4,Not used,Auto,No,No,Auto
47,C43,29.99,187.17,180,C1206_800_H01,Place,No,No,No,No,Layer 4,Not used,Auto,No,No,Auto
48,C44,29.99,190.22,180,C1206_800_H01,Place,No,No,No,No,Layer 4,Not used,Auto,No,No,Auto
49,C45,29.99,193.01,180,C1206_800_H01,Place,No,No,No,No,Layer 4,Not used,Auto,No,No,Auto
50,C46,29.99,195.55,180,C1206_800_H01,Place,No,No,No,No,Layer 4,Not used,Auto,No,No,Auto
51,C47,29.99,197.84,180,C1206_800_H01,Place,No,No,No,No,Layer 4,Not used,Auto,No,No,Auto
52,C48,29.99,200,180,C1206_800_H01,Place,No,No,No,No,Layer 4,Not used,Auto,No,No,Auto
53,C49,32.4,166.78,90,C01005_150_H01,Place,No,No,No,No,Layer 4,Not used,Auto,No,No,Auto
54,C50,32.4,167.89,90,C01005_150_H01,Place,No,No,No,No,Layer 4,Not used,Auto,No,No,Auto
55,C51,33.7,184.98,270,C1206_800_H01,Place,No,No,No,No,Layer 4,Not used,Auto,No,No,Auto
56,C52,33.7,189.86,270,C1206_800_H01,Place,No,No,No,No,Layer 4,Not used,Auto,No,No,Auto
57,C53,33.7,194.48,270,C1206_800_H01,Place,No,No,No,No,Layer 4,Not used,Auto,No,No,Auto
58,C54,33.7,198.93,270,C1206_800_H01,Place,No,No,No,No,Layer 4,Not used,Auto,No,No,Auto
59,C55,36.72,77.3,0,TANTC_H01,Place,No,No,No,No,Layer 4,Not used,Auto,No,No,Auto
60,C56,33.06,166.65,90,C01005_150_H01,Place,No,No,No,No,Layer 4,Not used,Auto,No,No,Auto
61,C57,33.06,167.89,90,C01005_150_H01,Place,No,No,No,No,Layer 4,Not used,Auto,No,No,Auto
62,C58,33.16,169.16,180,C01005_150_H01,Place,No,No,No,No,Layer 4,Not used,Auto,No,No,Auto
63,C59,36.98,82.33,0,TANTC_H01,Place,No,No,No,No,Layer 4,Not used,Auto,No,No,Auto
64,C60,37.23,86.85,0,TANTC_H01,Place,No,No,No,No,Layer 4,Not used,Auto,No,No,Auto
65,C61,37.49,90.86,0,TANTC_H01,Place,No,No,No,No,Layer 4,Not used,Auto,No,No,Auto
66,C62,33.84,166.39,90,C01005_150_H01,Place,No,No,No,No,Layer 4,Not used,Auto,No,No,Auto
67,C63,33.84,167.89,90,C01005_150_H01,Place,No,No,No,No,Layer 4,Not used,Auto,No,No,Auto
68,C64,34.28,169.16,180,C01005_150_H01,Place,No,No,No,No,Layer 4,Not used,Auto,No,No,Auto
69,C65,34.88,166.14,90,C01005_150_H01,Place,No,No,No,No,Layer 4,Not used,Auto,No,No,Auto
70,C66,34.88,167.89,90,C01005_150_H01,Place,No,No,No,No,Layer 4,Not used,Auto,No,No,Auto
71,C67,35.52,169.16,180,C01005_150_H01,Place,No,No,No,No,Layer 4,Not used,Auto,No,No,Auto
72,C68,36.18,165.89,90,C01005_150_H01,Place,No,No,No,No,Layer 4,Not used,Auto,No,No,Auto
73,C69,36.18,167.89,90,C01005_150_H01,Place,No,No,No,No,Layer 4,Not used,Auto,No,No,Auto
74,C70,37.02,169.16,180,C01005_150_H01,Place,No,No,No,No,Layer 4,Not used,Auto,No,No,Auto
75,C71,38.58,185.7,0,C0805_750_H01,Place,No,No,No,No,Layer 4,Not used,Auto,No,No,Auto
76,C72,38.83,188.69,0,C0805_750_H01,Place,No,No,No,No,Layer 4,Not used,Auto,No,No,Auto
77,C73,39.09,191.44,0,C0805_750_H01,Place,No,No,No,No,Layer 4,Not used,Auto,No,No,Auto
78,C74,39.34,193.92,0,C0805_750_H01,Place,No,No,No,No,Layer 4,Not used,Auto,No,No,Auto
79,C75,37.73,165.63,90,C01005_150_H01,Place,No,No,No,No,Layer 4,Not used,Auto,No,No,Auto
80,C76,37.73,167.89,90,C01005_150_H01,Place,No,No,No,No,Layer 4,Not used,Auto,No,No,Auto
81,C77,39.59,196.16,0,C0805_750_H01,Place,No,No,No,No,Layer 4,Not used,Auto,No,No,Auto
82,C78,39.85,198.14,0,C0805_750_H01,Place,No,No,No,No,Layer 4,Not used,Auto,No,No,Auto
83,C79,39.98,200,0,C0805_750_H01,Place,No,No,No,No,Layer 4,Not used,Auto,No,No,Auto
84,C80,38.77,169.16,180,C01005_150_H01,Place,No,No,No,No,Layer 4,Not used,Auto,No,No,Auto
85,C81,39.53,165.38,90,C01005_150_H01,Place,No,No,No,No,Layer 4,Not used,Auto,No,No,Auto
86,C82,39.53,167.89,90,C01005_150_H01,Place,No,No,No,No,Layer 4,Not used,Auto,No,No,Auto
87,C83,43.25,185.7,0,C0805_750_H01,Place,No,No,No,No,Layer 4,Not used,Auto,No,No,Auto
88,C84,43.25,188.69,0,C0805_750_H01,Place,No,No,No,No,Layer 4,Not used,Auto,No,No,Auto
89,C85,43.25,191.44,0,C0805_750_H01,Place,No,No,No,No,Layer 4,Not used,Auto,No,No,Auto
90,C86,43.25,193.92,0,C0805_750_H01,Place,No,No,No,No,Layer 4,Not used,Auto,No,No,Auto
91,C87,43.25,196.16,0,C0805_750_H01,Place,No,No,No,No,Layer 4,Not used,Auto,No,No,Auto
92,C88,43.25,198.14,0,C0805_750_H01,Place,No,No,No,No,Layer 4,Not used,Auto,No,No,Auto
93,C89,43.25,200,0,C0805_750_H01,Place,No,No,No,No,Layer 4,Not used,Auto,No,No,Auto
94,C90,45.31,77.3,0,TANTC_H01,Place,No,No,No,No,Layer 4,Not used,Auto,No,No,Auto
95,C91,45.31,82.33,0,TANTC_H01,Place,No,No,No,No,Layer 4,Not used,Auto,No,No,Auto
96,C92,45.31,86.85,0,TANTC_H01,Place,No,No,No,No,Layer 4,Not used,Auto,No,No,Auto
97,C93,45.31,90.86,0,TANTC_H01,Place,No,No,No,No,Layer 4,Not used,Auto,No,No,Auto
98,C94,46.2,185.77,90,C0805_750_H01,Place,No,No,No,No,Layer 4,Not used,Auto,No,No,Auto
99,C95,46.2,189.68,90,C0805_750_H01,Place,No,No,No,No,Layer 4,Not used,Auto,No,No,Auto
100,C96,46.2,193.34,90,C0805_750_H01,Place,No,No,No,No,Layer 4,Not used,Auto,No,No,Auto
101,C97,46.2,196.74,90,C0805_750_H01,Place,No,No,No,No,Layer 4,Not used,Auto,No,No,Auto
102,C98,46.2,199.97,90,C0805_750_H01,Place,No,No,No,No,Layer 4,Not used,Auto,No,No,Auto
103,C99,52.43,161.11,0,ALCAP_7000X7000_H01,Place,No,No,No,No,Layer 4,Not used,Auto,No,No,Auto
104,C100,52.58,153.49,0,ALCAP_7000X7000_H01,Place,No,No,No,No,Layer 4,Not used,Auto,No,No,Auto
105,C101,52.83,145.87,0,ALCAP_7000X7000_H01,Place,No,No,No,No,Layer 4,Not used,Auto,No,No,Auto
106,C102,50.59,188.44,180,C0603_700_H01,Place,No,No,No,No,Layer 4,Not used,Auto,No,No,Auto
107,C103,50.85,190.98,180,C0603_700_H01,Place,No,No,No,No,Layer 4,Not used,Auto,No,No,Auto
108,C104,51.74,76.01,90,TANTC_H01,Place,No,No,No,No,Layer 4,Not used,Auto,No,No,Auto
109,C105,51.74,84.34,90,TANTC_H01,Place,No,No,No,No,Layer 4,Not used,Auto,No,No,Auto
110,C106,51.74,92.16,90,TANTC_H01,Place,No,No,No,No,Layer 4,Not used,Auto,No,No,Auto
111,C107,51.1,193.26,180,C0603_700_H01,Place,No,No,No,No,Layer 4,Not used,Auto,No,No,Auto
112,C108,51.35,195.3,180,C0603_700_H01,Place,No,No,No,No,Layer 4,Not used,Auto,No,No,Auto
113,C109,51.61,197.07,180,C0603_700_H01,Place,No,No,No,No,Layer 4,Not used,Auto,No,No,Auto
114,C110,51.86,198.6,180,C0603_700_H01,Place,No,No,No,No,Layer 4,Not used,Auto,No,No,Auto
115,C111,51.99,200,180,C0603_700_H01,Place,No,No,No,No,Layer 4,Not used,Auto,No,No,Auto
116,C112,51.81,170.28,270,C0201_250_H01,Place,No,No,No,No,Layer 4,Not used,Auto,No,No,Auto
117,C113,51.81,171.78,270,C0201_250_H01,Place,No,No,No,No,Layer 4,Not used,Auto,No,No,Auto
118,C114,52.19,173.31,0,C0201_250_H01,Place,No,No,No,No,Layer 4,Not used,Auto,No,No,Auto
119,C115,52.59,170.16,270,C0201_250_H01,Place,No,No,No,No,Layer 4,Not used,Auto,No,No,Auto
120,C116,52.59,171.78,270,C0201_250_H01,Place,No,No,No,No,Layer 4,Not used,Auto,No,No,Auto
121,C117,53.69,173.31,0,C0201_250_H01,Place,No,No,No,No,Layer 4,Not used,Auto,No,No,Auto
122,C118,53.51,169.9,270,C0201_250_H01,Place,No,No,No,No,Layer 4,Not used,Auto,No,No,Auto
123,C119,53.51,171.78,270,C0201_250_H01,Place,No,No,No,No,Layer 4,Not used,Auto,No,No,Auto
124,C120,54.61,188.44,180,C0603_700_H01,Place,No,No,No,No,Layer 4,Not used,Auto,No,No,Auto
125,C121,54.61,190.98,180,C0603_700_H01,Place,No,No,No,No,Layer 4,Not used,Auto,No,No,Auto
126,C122,54.61,193.26,180,C0603_700_H01,Place,No,No,No,No,Layer 4,Not used,Auto,No,No,Auto
127,C123,54.61,195.3,180,C0603_700_H01,Place,No,No,No,No,Layer 4,Not used,Auto,No,No,Auto
128,C124,54.61,197.07,180,C0603_700_H01,Place,No,No,No,No,Layer 4,Not used,Auto,No,No,Auto
129,C125,54.61,198.6,180,C0603_700_H01,Place,No,No,No,No,Layer 4,Not used,Auto,No,No,Auto
130,C126,54.61,200,180,C0603_700_H01,Place,No,No,No,No,Layer 4,Not used,Auto,No,No,Auto
131,C127,58.16,28.02,270,ALCAP_7000X7000_H01,Place,No,No,No,No,Layer 4,Not used,Auto,No,No,Auto
132,C128,58.16,38.49,270,ALCAP_7000X7000_H01,Place,No,No,No,No,Layer 4,Not used,Auto,No,No,Auto
133,C129,54.68,169.65,270,C0201_250_H01,Place,No,No,No,No,Layer 4,Not used,Auto,No,No,Auto
134,C130,54.68,171.78,270,C0201_250_H01,Place,No,No,No,No,Layer 4,Not used,Auto,No,No,Auto
135,C131,55.31,173.31,0,C0201_250_H01,Place,No,No,No,No,Layer 4,Not used,Auto,No,No,Auto
136,C132,58.39,78.82,180,TANTB_H01,Place,No,No,No,No,Layer 4,Not used,Auto,No,No,Auto
137,C133,56.1,169.39,270,C0201_250_H01,Place,No,No,No,No,Layer 4,Not used,Auto,No,No,Auto
138,C134,56.1,171.78,270,C0201_250_H01,Place,No,No,No,No,Layer 4,Not used,Auto,No,No,Auto
139,C135,58.64,83.35,180,TANTB_H01,Place,No,No,No,No,Layer 4,Not used,Auto,No,No,Auto
140,C136,58.9,87.36,180,TANTB_H01,Place,No,No,No,No,Layer 4,Not used,Auto,No,No,Auto
141,C137,56.99,188.41,270,C0603_700_H01,Place,No,No,No,No,Layer 4,Not used,Auto,No,No,Auto
142,C138,56.99,191.66,270,C0603_700_H01,Place,No,No,No,No,Layer 4,Not used,Auto,No,No,Auto
143,C139,56.99,197.4,270,C0603_700_H01,Place,No,No,No,No,Layer 4,Not used,Auto,No,No,Auto
144,C140,56.99,200.02,270,C0603_700_H01,Place,No,No,No,No,Layer 4,Not used,Auto,No,No,Auto
145,C141,57.02,194.66,270,C0603_700_H01,Place,No,No,No,No,Layer 4,Not used,Auto,No,No,Auto
146,C142,59.15,90.86,180,TANTB_H01,Place,No,No,No,No,Layer 4,Not used,Auto,No,No,Auto
147,C143,57.19,173.31,0,C0201_250_H01,Place,No,No,No,No,Layer 4,Not used,Auto,No,No,Auto
148,C144,62.69,145.87,180,ALCAP_7000X7000_H01,Place,No,No,No,No,Layer 4,Not used,Auto,No,No,Auto
149,C145,62.94,153.49,180,ALCAP_7000X7000_H01,Place,No,No,No,No,Layer 4,Not used,Auto,No,No,Auto
150,C146,57.77,169.14,270,C0201_250_H01,Place,No,No,No,No,Layer 4,Not used,Auto,No,No,Auto
151,C147,57.77,171.78,270,C0201_250_H01,Place,No,No,No,No,Layer 4,Not used,Auto,No,No,Auto
152,C148,63.3,161.11,180,ALCAP_7000X7000_H01,Place,No,No,No,No,Layer 4,Not used,Auto,No,No,Auto
153,C149,59.32,173.31,0,C0201_250_H01,Place,No,No,No,No,Layer 4,Not used,Auto,No,No,Auto
154,C150,59.7,168.89,270,C0201_250_H01,Place,No,No,No,No,Layer 4,Not used,Auto,No,No,Auto
155,C151,59.7,171.78,270,C0201_250_H01,Place,No,No,No,No,Layer 4,Not used,Auto,No,No,Auto
156,C152,60.57,190.57,0,C0402_450_H01,Place,No,No,No,No,Layer 4,Not used,Auto,No,No,Auto
157,C153,60.83,192.76,0,C0402_450_H01,Place,No,No,No,No,Layer 4,Not used,Auto,No,No,Auto
158,C154,61.08,194.69,0,C0402_450_H01,Place,No,No,No,No,Layer 4,Not used,Auto,No,No,Auto
159,C155,61.34,196.36,0,C0402_450_H01,Place,No,No,No,No,Layer 4,Not used,Auto,No,No,Auto
160,C156,61.59,197.79,0,C0402_450_H01,Place,No,No,No,No,Layer 4,Not used,Auto,No,No,Auto
161,C157,61.84,198.95,0,C0402_450_H01,Place,No,No,No,No,Layer 4,Not used,Auto,No,No,Auto
162,C158,61.97,200,0,C0402_450_H01,Place,No,No,No,No,Layer 4,Not used,Auto,No,No,Auto
163,C159,64.38,78.82,180,TANTB_H01,Place,No,No,No,No,Layer 4,Not used,Auto,No,No,Auto
164,C160,64.38,83.35,180,TANTB_H01,Place,No,No,No,No,Layer 4,Not used,Auto,No,No,Auto
165,C161,64.38,87.36,180,TANTB_H01,Place,No,No,No,No,Layer 4,Not used,Auto,No,No,Auto
166,C162,64.38,90.86,180,TANTB_H01,Place,No,No,No,No,Layer 4,Not used,Auto,No,No,Auto
167,C163,63.93,190.57,0,C0402_450_H01,Place,No,No,No,No,Layer 4,Not used,Auto,No,No,Auto
168,C164,63.93,192.76,0,C0402_450_H01,Place,No,No,No,No,Layer 4,Not used,Auto,No,No,Auto
169,C165,63.93,194.69,0,C0402_450_H01,Place,No,No,No,No,Layer 4,Not used,Auto,No,No,Auto
170,C166,63.93,196.36,0,C0402_450_H01,Place,No,No,No,No,Layer 4,Not used,Auto,No,No,Auto
171,C167,63.93,197.79,0,C0402_450_H01,Place,No,No,No,No,Layer 4,Not used,Auto,No,No,Auto
172,C168,63.93,198.95,0,C0402_450_H01,Place,No,No,No,No,Layer 4,Not used,Auto,No,No,Auto
173,C169,63.93,200,0,C0402_450_H01,Place,No,No,No,No,Layer 4,Not used,Auto,No,No,Auto
174,C170,65.81,190.8,90,C0402_450_H01,Place,No,No,No,No,Layer 4,Not used,Auto,No,No,Auto
175,C171,65.81,193.39,90,C0402_450_H01,Place,No,No,No,No,Layer 4,Not used,Auto,No,No,Auto
176,C172,65.81,195.73,90,C0402_450_H01,Place,No,No,No,No,Layer 4,Not used,Auto,No,No,Auto
177,C173,65.81,197.81,90,C0402_450_H01,Place,No,No,No,No,Layer 4,Not used,Auto,No,No,Auto
178,C174,65.81,199.77,90,C0402_450_H01,Place,No,No,No,No,Layer 4,Not used,Auto,No,No,Auto
179,C175,69.26,79.36,270,TANTB_H01,Place,No,No,No,No,Layer 4,Not used,Auto,No,No,Auto
180,C176,69.26,85.1,270,TANTB_H01,Place,No,No,No,No,Layer 4,Not used,Auto,No,No,Auto
181,C177,69.26,90.33,270,TANTB_H01,Place,No,No,No,No,Layer 4,Not used,Auto,No,No,Auto
182,C178,69.24,192.1,180,C0201_250_H01,Place,No,No,No,No,Layer 4,Not used,Auto,No,No,Auto
183,C179,69.49,194.03,180,C0201_250_H01,Place,No,No,No,No,Layer 4,Not used,Auto,No,No,Auto
184,C180,69.74,195.7,180,C0201_250_H01,Place,No,No,No,No,Layer 4,Not used,Auto,No,No,Auto
185,C181,70,197.13,180,C0201_250_H01,Place,No,No,No,No,Layer 4,Not used,Auto,No,No,Auto
186,C182,70.25,198.29,180,C0201_250_H01,Place,No,No,No,No,Layer 4,Not used,Auto,No,No,Auto
187,C183,70.51,199.21,180,C0201_250_H01,Place,No,No,No,No,Layer 4,Not used,Auto,No,No,Auto
188,C184,70.63,200,180,C0201_250_H01,Place,No,No,No,No,Layer 4,Not used,Auto,No,No,Auto
189,C185,72.13,192.1,180,C0201_250_H01,Place,No,No,No,No,Layer 4,Not used,Auto,No,No,Auto
190,C186,72.13,194.03,180,C0201_250_H01,Place,No,No,No,No,Layer 4,Not used,Auto,No,No,Auto
191,C187,72.13,195.7,180,C0201_250_H01,Place,No,No,No,No,Layer 4,Not used,Auto,No,No,Auto
192,C188,72.13,197.13,180,C0201_250_H01,Place,No,No,No,No,Layer 4,Not used,Auto,No,No,Auto
193,C189,72.13,198.29,180,C0201_250_H01,Place,No,No,No,No,Layer 4,Not used,Auto,No,No,Auto
194,C190,72.13,199.21,180,C0201_250_H01,Place,No,No,No,No,Layer 4,Not used,Auto,No,No,Auto
195,C191,72.13,200,180,C0201_250_H01,Place,No,No,No,No,Layer 4,Not used,Auto,No,No,Auto
196,C192,75.51,82.48,0,TANTA_H01,Place,No,No,No,No,Layer 4,Not used,Auto,No,No,Auto
197,C193,73.66,192.48,270,C0201_250_H01,Place,No,No,No,No,Layer 4,Not used,Auto,No,No,Auto
198,C194,73.66,194.61,270,C0201_250_H01,Place,No,No,No,No,Layer 4,Not used,Auto,No,No,Auto
199,C195,73.66,196.49,270,C0201_250_H01,Place,No,No,No,No,Layer 4,Not used,Auto,No,No,Auto
200,C196,73.66,198.12,270,C0201_250_H01,Place,No,No,No,No,Layer 4,Not used,Auto,No,No,Auto
201,C197,73.66,199.61,270,C0201_250_H01,Place,No,No,No,No,Layer 4,Not used,Auto,No,No,Auto
202,C198,75.76,85.78,0,TANTA_H01,Place,No,No,No,No,Layer 4,Not used,Auto,No,No,Auto
203,C199,76.02,88.58,0,TANTA_H01,Place,No,No,No,No,Layer 4,Not used,Auto,No,No,Auto
204,C200,76.27,90.86,0,TANTA_H01,Place,No,No,No,No,Layer 4,Not used,Auto,No,No,Auto
205,C201,76.75,192.86,0,C01005_150_H01,Place,No,No,No,No,Layer 4,Not used,Auto,No,No,Auto
206,C202,77.01,194.66,0,C01005_150_H01,Place,No,No,No,No,Layer 4,Not used,Auto,No,No,Auto
207,C203,77.26,196.21,0,C01005_150_H01,Place,No,No,No,No,Layer 4,Not used,Auto,No,No,Auto
208,C204,77.52,197.51,0,C01005_150_H01,Place,No,No,No,No,Layer 4,Not used,Auto,No,No,Auto
209,C205,77.77,198.55,0,C01005_150_H01,Place,No,No,No,No,Layer 4,Not used,Auto,No,No,Auto
210,C206,78.02,199.34,0,C01005_150_H01,Place,No,No,No,No,Layer 4,Not used,Auto,No,No,Auto
211,C207,78.15,200,0,C01005_150_H01,Place,No,No,No,No,Layer 4,Not used,Auto,No,No,Auto
212,C208,81.2,82.48,0,TANTA_H01,Place,No,No,No,No,Layer 4,Not used,Auto,No,No,Auto
213,C209,81.2,85.78,0,TANTA_H01,Place,No,No,No,No,Layer 4,Not used,Auto,No,No,Auto
214,C210,81.2,88.58,0,TANTA_H01,Place,No,No,No,No,Layer 4,Not used,Auto,No,No,Auto
215,C211,81.2,90.86,0,TANTA_H01,Place,No,No,No,No,Layer 4,Not used,Auto,No,No,Auto
216,C212,79.27,192.86,0,C01005_150_H01,Place,No,No,No,No,Layer 4,Not used,Auto,No,No,Auto
217,C213,79.27,194.66,0,C01005_150_H01,Place,No,No,No,No,Layer 4,Not used,Auto,No,No,Auto
218,C214,79.27,196.21,0,C01005_150_H01,Place,No,No,No,No,Layer 4,Not used,Auto,No,No,Auto
219,C215,79.27,197.51,0,C01005_150_H01,Place,No,No,No,No,Layer 4,Not used,Auto,No,No,Auto
220,C216,79.27,198.55,0,C01005_150_H01,Place,No,No,No,No,Layer 4,Not used,Auto,No,No,Auto
221,C217,79.27,199.34,0,C01005_150_H01,Place,No,No,No,No,Layer 4,Not used,Auto,No,No,Auto
222,C218,79.27,200,0,C01005_150_H01,Place,No,No,No,No,Layer 4,Not used,Auto,No,No,Auto
223,C219,80.54,193.62,90,C01005_150_H01,Place,No,No,No,No,Layer 4,Not used,Auto,No,No,Auto
224,C220,80.54,195.37,90,C01005_150_H01,Place,No,No,No,No,Layer 4,Not used,Auto,No,No,Auto
225,C221,80.54,196.87,90,C01005_150_H01,Place,No,No,No,No,Layer 4,Not used,Auto,No,No,Auto
226,C222,80.54,198.12,90,C01005_150_H01,Place,No,No,No,No,Layer 4,Not used,Auto,No,No,Auto
227,C223,80.54,199.23,90,C01005_150_H01,Place,No,No,No,No,Layer 4,Not used,Auto,No,No,Auto
228,C224,85.31,81.49,90,TANTA_H01,Place,No,No,No,No,Layer 4,Not used,Auto,No,No,Auto
229,C225,85.31,86.93,90,TANTA_H01,Place,No,No,No,No,Layer 4,Not used,Auto,No,No,Auto
230,C226,85.31,91.85,90,TANTA_H01,Place,No,No,No,No,Layer 4,Not used,Auto,No,No,Auto
231,C227,88.98,198.47,270,ALCAP_7000X7000_H01,Place,No,No,No,No,Layer 4,Not used,Auto,No,No,Auto
232,C228,106.27,160.08,45,ALCAP_13000X13000_H01,Place,No,No,No,No,Layer 4,Not used,Auto,No,No,Auto
233,C229,99.01,198.47,90,ALCAP_7000X7000_H01,Place,No,No,No,No,Layer 4,Not used,Auto,No,No,Auto
234,C230,96.84,25.3,270,C0603_700_H01,Place,No,No,No,No,Layer 4,Not used,Auto,No,No,Auto
235,C231,100.34,34.8,0,C0603_700_H01,Place,No,No,No,No,Layer 4,Not used,Auto,No,No,Auto
236,C232,107.34,21.3,180,C0603_700_H01,Place,No,No,No,No,Layer 4,Not used,Auto,No,No,Auto
237,C233,111.34,31.3,90,C0603_700_H01,Place,No,No,No,No,Layer 4,Not used,Auto,No,No,Auto
238,C234,127.22,160.08,315,ALCAP_13000X13000_H01,Place,No,No,No,No,Layer 4,Not used,Auto,No,No,Auto
239,C235,163,135.5,0,ALCAP_13000X13000_H01,Place,No,No,No,No,Layer 4,Not used,Auto,No,No,Auto
240,C236,163,150.5,0,ALCAP_13000X13000_H01,Place,No,No,No,No,Layer 4,Not used,Auto,No,No,Auto
241,C237,156,143,0,C0201_250_H01,Place,No,No,No,No,Layer 4,Not used,Auto,No,No,Auto
242,C238,157.5,143,0,C0201_250_H01,Place,No,No,No,No,Layer 4,Not used,Auto,No,No,Auto
243,C239,159,143,0,C0201_250_H01,Place,No,No,No,No,Layer 4,Not used,Auto,No,No,Auto
244,C240,160.5,143,0,C0201_250_H01,Place,No,No,No,No,Layer 4,Not used,Auto,No,No,Auto
245,C241,162,143,0,C0201_250_H01,Place,No,No,No,No,Layer 4,Not used,Auto,No,No,Auto
246,C242,163.5,143,0,C0201_250_H01,Place,No,No,No,No,Layer 4,Not used,Auto,No,No,Auto
247,C243,165,143,0,C0201_250_H01,Place,No,No,No,No,Layer 4,Not used,Auto,No,No,Auto
248,C244,166.5,143,0,C0201_250_H01,Place,No,No,No,No,Layer 4,Not used,Auto,No,No,Auto
249,C245,168,143,0,C0201_250_H01,Place,No,No,No,No,Layer 4,Not used,Auto,No,No,Auto
250,C246,169.5,143,0,C0201_250_H01,Place,No,No,No,No,Layer 4,Not used,Auto,No,No,Auto
251,C247,174.75,143,90,ALCAP_7000X7000_H01,Place,No,No,No,No,Layer 4,Not used,Auto,No,No,Auto
252,C248,186.5,135.5,0,ALCAP_13000X13000_H01,Place,No,No,No,No,Layer 4,Not used,Auto,No,No,Auto
253,C249,186.5,150.5,0,ALCAP_13000X13000_H01,Place,No,No,No,No,Layer 4,Not used,Auto,No,No,Auto
254,CN1,93.54,51.52,0,CNET1206_H01,Place,No,No,No,No,Layer 4,Not used,Auto,No,No,Auto
255,CN2,93.8,55.02,0,CNET1206_H01,Place,No,No,No,No,Layer 4,Not used,Auto,No,No,Auto
256,CN3,94.05,58.28,0,CNET1206_H01,Place,No,No,No,No,Layer 4,Not used,Auto,No,No,Auto
257,CN4,94.31,61.4,0,CNET1206_H01,Place,No,No,No,No,Layer 4,Not used,Auto,No,No,Auto
258,CN5,98.19,51.52,0,CNET1206_H01,Place,No,No,No,No,Layer 4,Not used,Auto,No,No,Auto
259,CN6,98.19,55.02,0,CNET1206_H01,Place,No,No,No,No,Layer 4,Not used,Auto,No,No,Auto
260,CN7,98.19,58.28,0,CNET1206_H01,Place,No,No,No,No,Layer 4,Not used,Auto,No,No,Auto
261,CN8,98.19,61.4,0,CNET1206_H01,Place,No,No,No,No,Layer 4,Not used,Auto,No,No,Auto
262,CN9,101.82,52.51,90,CNET1206_H01,Place,No,No,No,No,Layer 4,Not used,Auto,No,No,Auto
263,CN10,101.82,56.52,90,CNET1206_H01,Place,No,No,No,No,Layer 4,Not used,Auto,No,No,Auto
264,CN11,101.82,60.41,90,CNET1206_H01,Place,No,No,No,No,Layer 4,Not used,Auto,No,No,Auto
265,D1,35.15,100.57,180,SOD87_H01,Place,No,No,No,No,Layer 4,Not used,Auto,No,No,Auto
266,D2,35.4,104.78,180,SOD87_H01,Place,No,No,No,No,Layer 4,Not used,Auto,No,No,Auto
267,D3,35.66,108.49,180,SOD87_H01,Place,No,No,No,No,Layer 4,Not used,Auto,No,No,Auto
268,D4,35.91,111.69,180,SOD87_H01,Place,No,No,No,No,Layer 4,Not used,Auto,No,No,Auto
269,D5,42.41,100.57,180,SOD87_H01,Place,No,No,No,No,Layer 4,Not used,Auto,No,No,Auto
270,D6,42.41,104.78,180,SOD87_H01,Place,No,No,No,No,Layer 4,Not used,Auto,No,No,Auto
271,D7,42.41,108.49,180,SOD87_H01,Place,No,No,No,No,Layer 4,Not used,Auto,No,No,Auto
272,D8,42.41,111.69,180,SOD87_H01,Place,No,No,No,No,Layer 4,Not used,Auto,No,No,Auto
273,D9,47.77,99.37,270,SOD87_H01,Place,No,No,No,No,Layer 4,Not used,Auto,No,No,Auto
274,D10,47.77,106.38,270,SOD87_H01,Place,No,No,No,No,Layer 4,Not used,Auto,No,No,Auto
275,D11,47.77,112.89,270,SOD87_H01,Place,No,No,No,No,Layer 4,Not used,Auto,No,No,Auto
276,D12,53.84,103.16,0,SOD-80_1100_H01,Place,No,No,No,No,Layer 4,Not used,Auto,No,No,Auto
277,D13,54.1,106.51,0,SOD-80_1100_H01,Place,No,No,No,No,Layer 4,Not used,Auto,No,No,Auto
278,D14,54.35,109.36,0,SOD-80_1100_H01,Place,No,No,No,No,Layer 4,Not used,Auto,No,No,Auto
279,D15,54.61,111.69,0,SOD-80_1100_H01,Place,No,No,No,No,Layer 4,Not used,Auto,No,No,Auto
280,D16,59.64,103.16,0,SOD-80_1100_H01,Place,No,No,No,No,Layer 4,Not used,Auto,No,No,Auto
281,D17,59.64,106.51,0,SOD-80_1100_H01,Place,No,No,No,No,Layer 4,Not used,Auto,No,No,Auto
282,D18,59.64,109.36,0,SOD-80_1100_H01,Place,No,No,No,No,Layer 4,Not used,Auto,No,No,Auto
283,D19,59.64,111.69,0,SOD-80_1100_H01,Place,No,No,No,No,Layer 4,Not used,Auto,No,No,Auto
284,D20,63.83,102.14,90,SOD-80_1100_H01,Place,No,No,No,No,Layer 4,Not used,Auto,No,No,Auto
285,D21,63.83,107.68,90,SOD-80_1100_H01,Place,No,No,No,No,Layer 4,Not used,Auto,No,No,Auto
286,D22,63.83,112.71,90,SOD-80_1100_H01,Place,No,No,No,No,Layer 4,Not used,Auto,No,No,Auto
287,D23,68.7,103.92,180,MELF_0805_900_H01,Place,No,No,No,No,Layer 4,Not used,Auto,No,No,Auto
288,D24,68.96,107.02,180,MELF_0805_900_H01,Place,No,No,No,No,Layer 4,Not used,Auto,No,No,Auto
289,D25,69.21,109.61,180,MELF_0805_900_H01,Place,No,No,No,No,Layer 4,Not used,Auto,No,No,Auto
290,D26,69.46,111.69,180,MELF_0805_900_H01,Place,No,No,No,No,Layer 4,Not used,Auto,No,No,Auto
291,D27,72.92,103.92,180,MELF_0805_900_H01,Place,No,No,No,No,Layer 4,Not used,Auto,No,No,Auto
292,D28,72.92,107.02,180,MELF_0805_900_H01,Place,No,No,No,No,Layer 4,Not used,Auto,No,No,Auto
293,D29,72.92,109.61,180,MELF_0805_900_H01,Place,No,No,No,No,Layer 4,Not used,Auto,No,No,Auto
294,D30,72.92,111.69,180,MELF_0805_900_H01,Place,No,No,No,No,Layer 4,Not used,Auto,No,No,Auto
295,D31,76.2,104.1,180,MELF_0805_900_H01,Place,No,No,No,No,Layer 4,Not used,Auto,No,No,Auto
296,D32,76.2,108.06,180,MELF_0805_900_H01,Place,No,No,No,No,Layer 4,Not used,Auto,No,No,Auto
297,D33,76.2,111.51,180,MELF_0805_900_H01,Place,No,No,No,No,Layer 4,Not used,Auto,No,No,Auto
298,D34,81.63,103.62,0,SOD123_H01,Place,No,No,No,No,Layer 4,Not used,Auto,No,No,Auto
299,D35,81.89,106.82,0,SOD123_H01,Place,No,No,No,No,Layer 4,Not used,Auto,No,No,Auto
300,D36,82.14,109.51,0,SOD123_H01,Place,No,No,No,No,Layer 4,Not used,Auto,No,No,Auto
301,D37,82.39,111.69,0,SOD123_H01,Place,No,No,No,No,Layer 4,Not used,Auto,No,No,Auto
302,D38,87.27,103.62,0,SOD123_H01,Place,No,No,No,No,Layer 4,Not used,Auto,No,No,Auto
303,D39,87.27,106.82,0,SOD123_H01,Place,No,No,No,No,Layer 4,Not used,Auto,No,No,Auto
304,D40,87.27,109.51,0,SOD123_H01,Place,No,No,No,No,Layer 4,Not used,Auto,No,No,Auto
305,D41,87.27,111.69,0,SOD123_H01,Place,No,No,No,No,Layer 4,Not used,Auto,No,No,Auto
306,D42,91.31,102.52,0,SOD123_H01,Place,No,No,No,No,Layer 4,Not used,Auto,No,No,Auto
307,D43,91.31,107.91,0,SOD123_H01,Place,No,No,No,No,Layer 4,Not used,Auto,No,No,Auto
308,D44,91.31,112.78,0,SOD123_H01,Place,No,No,No,No,Layer 4,Not used,Auto,No,No,Auto
309,D45,96.24,104.53,180,PartNo_SOD323_1500X1200_900_H01,Place,No,No,No,No,Layer 4,Not used,Auto,No,No,Auto
310,D46,96.49,107.43,180,PartNo_SOD323_1500X1200_900_H01,Place,No,No,No,No,Layer 4,Not used,Auto,No,No,Auto
311,D47,96.74,109.81,180,PartNo_SOD323_1500X1200_900_H01,Place,No,No,No,No,Layer 4,Not used,Auto,No,No,Auto
312,D48,97,111.69,180,PartNo_SOD323_1500X1200_900_H01,Place,No,No,No,No,Layer 4,Not used,Auto,No,No,Auto
313,D49,100.61,104.53,180,PartNo_SOD323_1500X1200_900_H01,Place,No,No,No,No,Layer 4,Not used,Auto,No,No,Auto
314,D50,100.61,107.43,180,PartNo_SOD323_1500X1200_900_H01,Place,No,No,No,No,Layer 4,Not used,Auto,No,No,Auto
315,D51,100.61,109.81,180,PartNo_SOD323_1500X1200_900_H01,Place,No,No,No,No,Layer 4,Not used,Auto,No,No,Auto
316,D52,100.61,111.69,180,PartNo_SOD323_1500X1200_900_H01,Place,No,No,No,No,Layer 4,Not used,Auto,No,No,Auto
317,D53,103.86,104.25,270,PartNo_SOD323_1500X1200_900_H01,Place,No,No,No,No,Layer 4,Not used,Auto,No,No,Auto
318,D54,103.86,108.37,270,PartNo_SOD323_1500X1200_900_H01,Place,No,No,No,No,Layer 4,Not used,Auto,No,No,Auto
319,D55,103.86,111.97,270,PartNo_SOD323_1500X1200_900_H01,Place,No,No,No,No,Layer 4,Not used,Auto,No,No,Auto
320,D56,108.15,106.05,0,PartNo_SOD523_1000X600_600_H01,Place,No,No,No,No,Layer 4,Not used,Auto,No,No,Auto
321,D57,108.4,108.44,0,PartNo_SOD523_1000X600_600_H01,Place,No,No,No,No,Layer 4,Not used,Auto,No,No,Auto
322,D58,108.66,110.32,0,PartNo_SOD523_1000X600_600_H01,Place,No,No,No,No,Layer 4,Not used,Auto,No,No,Auto
323,D59,108.91,111.69,0,PartNo_SOD523_1000X600_600_H01,Place,No,No,No,No,Layer 4,Not used,Auto,No,No,Auto
324,D60,111.5,106.05,0,PartNo_SOD523_1000X600_600_H01,Place,No,No,No,No,Layer 4,Not used,Auto,No,No,Auto
325,D61,111.5,108.44,0,PartNo_SOD523_1000X600_600_H01,Place,No,No,No,No,Layer 4,Not used,Auto,No,No,Auto
326,D62,111.5,110.32,0,PartNo_SOD523_1000X600_600_H01,Place,No,No,No,No,Layer 4,Not used,Auto,No,No,Auto
327,D63,111.5,111.69,0,PartNo_SOD523_1000X600_600_H01,Place,No,No,No,No,Layer 4,Not used,Auto,No,No,Auto
328,D64,114.96,117.36,0,Diode_3600x4400_H01,Place,No,No,No,No,Layer 4,Not used,Auto,No,No,Auto
329,D65,115.21,122.79,0,Diode_3600x4400_H01,Place,No,No,No,No,Layer 4,Not used,Auto,No,No,Auto
330,D66,115.46,127.72,0,Diode_3600x4400_H01,Place,No,No,No,No,Layer 4,Not used,Auto,No,No,Auto
331,D67,115.72,132.14,0,Diode_3600x4400_H01,Place,No,No,No,No,Layer 4,Not used,Auto,No,No,Auto
332,D68,113.99,106.03,90,PartNo_SOD523_1000X600_600_H01,Place,No,No,No,No,Layer 4,Not used,Auto,No,No,Auto
333,D69,113.99,109.13,90,PartNo_SOD523_1000X600_600_H01,Place,No,No,No,No,Layer 4,Not used,Auto,No,No,Auto
334,D70,113.99,111.72,90,PartNo_SOD523_1000X600_600_H01,Place,No,No,No,No,Layer 4,Not used,Auto,No,No,Auto
335,D71,117.83,105.09,0,SOT523_800_H01,Place,No,No,No,No,Layer 4,Not used,Auto,No,No,Auto
336,D72,117.83,108.64,0,SOT523_800_H01,Place,No,No,No,No,Layer 4,Not used,Auto,No,No,Auto
337,D73,117.83,111.69,0,SOT523_800_H01,Place,No,No,No,No,Layer 4,Not used,Auto,No,No,Auto
338,D74,120.06,105.09,0,SOT523_800_H01,Place,No,No,No,No,Layer 4,Not used,Auto,No,No,Auto
339,D75,120.06,111.69,0,SOT523_800_H01,Place,No,No,No,No,Layer 4,Not used,Auto,No,No,Auto
340,D76,120.06,108.64,180,SOT523_800_H01,Place,No,No,No,No,Layer 4,Not used,Auto,No,No,Auto
341,D77,122.88,117.36,0,Diode_3600x4400_H01,Place,No,No,No,No,Layer 4,Not used,Auto,No,No,Auto
342,D78,122.88,122.79,0,Diode_3600x4400_H01,Place,No,No,No,No,Layer 4,Not used,Auto,No,No,Auto
343,D79,122.88,127.72,0,Diode_3600x4400_H01,Place,No,No,No,No,Layer 4,Not used,Auto,No,No,Auto
344,D80,122.88,132.14,0,Diode_3600x4400_H01,Place,No,No,No,No,Layer 4,Not used,Auto,No,No,Auto
345,D81,122.78,111.69,0,SOT523_800_H01,Place,No,No,No,No,Layer 4,Not used,Auto,No,No,Auto
346,D82,122.8,105.09,0,SOT523_800_H01,Place,No,No,No,No,Layer 4,Not used,Auto,No,No,Auto
347,D83,122.8,108.64,0,SOT523_800_H01,Place,No,No,No,No,Layer 4,Not used,Auto,No,No,Auto
348,D84,127.3,104.28,0,SOT323_900_H01,Place,No,No,No,No,Layer 4,Not used,Auto,No,No,Auto
349,D85,127.3,108.24,0,SOT323_900_H01,Place,No,No,No,No,Layer 4,Not used,Auto,No,No,Auto
350,D86,127.3,111.69,0,SOT323_900_H01,Place,No,No,No,No,Layer 4,Not used,Auto,No,No,Auto
351,D87,129.18,117.33,90,Diode_3600x4400_H01,Place,No,No,No,No,Layer 4,Not used,Auto,No,No,Auto
352,D88,129.18,125,90,Diode_3600x4400_H01,Place,No,No,No,No,Layer 4,Not used,Auto,No,No,Auto
353,D89,129.18,132.16,90,Diode_3600x4400_H01,Place,No,No,No,No,Layer 4,Not used,Auto,No,No,Auto
354,D90,129.99,104.28,0,SOT323_900_H01,Place,No,No,No,No,Layer 4,Not used,Auto,No,No,Auto
355,D91,129.99,111.69,0,SOT323_900_H01,Place,No,No,No,No,Layer 4,Not used,Auto,No,No,Auto
356,D92,129.99,108.24,180,SOT323_900_H01,Place,No,No,No,No,Layer 4,Not used,Auto,No,No,Auto
357,D93,133.19,104.28,0,SOT323_900_H01,Place,No,No,No,No,Layer 4,Not used,Auto,No,No,Auto
358,D94,133.19,108.24,0,SOT323_900_H01,Place,No,No,No,No,Layer 4,Not used,Auto,No,No,Auto
359,D95,133.19,111.69,0,SOT323_900_H01,Place,No,No,No,No,Layer 4,Not used,Auto,No,No,Auto
360,D96,136.39,120.71,180,DIODE_4200X2500_H01,Place,No,No,No,No,Layer 4,Not used,Auto,No,No,Auto
361,D97,136.65,125.03,180,DIODE_4200X2500_H01,Place,No,No,No,No,Layer 4,Not used,Auto,No,No,Auto
362,D98,136.9,128.84,180,DIODE_4200X2500_H01,Place,No,No,No,No,Layer 4,Not used,Auto,No,No,Auto
363,D99,137.16,132.14,180,DIODE_4200X2500_H01,Place,No,No,No,No,Layer 4,Not used,Auto,No,No,Auto
364,D100,138.35,103.36,0,SOT23_1000_H01,Place,No,No,No,No,Layer 4,Not used,Auto,No,No,Auto
365,D101,138.35,107.78,0,SOT23_1000_H01,Place,No,No,No,No,Layer 4,Not used,Auto,No,No,Auto
366,D102,138.35,111.69,0,SOT23_1000_H01,Place,No,No,No,No,Layer 4,Not used,Auto,No,No,Auto
367,D103,141.85,103.36,0,SOT23_1000_H01,Place,No,No,No,No,Layer 4,Not used,Auto,No,No,Auto
368,D104,141.85,111.69,0,SOT23_1000_H01,Place,No,No,No,No,Layer 4,Not used,Auto,No,No,Auto
369,D105,143.15,120.71,180,DIODE_4200X2500_H01,Place,No,No,No,No,Layer 4,Not used,Auto,No,No,Auto
370,D106,143.15,125.03,180,DIODE_4200X2500_H01,Place,No,No,No,No,Layer 4,Not used,Auto,No,No,Auto
371,D107,143.15,128.84,180,DIODE_4200X2500_H01,Place,No,No,No,No,Layer 4,Not used,Auto,No,No,Auto
372,D108,143.15,132.14,180,DIODE_4200X2500_H01,Place,No,No,No,No,Layer 4,Not used,Auto,No,No,Auto
373,D109,141.85,107.78,180,SOT23_1000_H01,Place,No,No,No,No,Layer 4,Not used,Auto,No,No,Auto
374,D110,145.87,103.36,0,SOT23_1000_H01,Place,No,No,No,No,Layer 4,Not used,Auto,No,No,Auto
375,D111,145.87,107.78,0,SOT23_1000_H01,Place,No,No,No,No,Layer 4,Not used,Auto,No,No,Auto
376,D112,145.87,111.69,0,SOT23_1000_H01,Place,No,No,No,No,Layer 4,Not used,Auto,No,No,Auto
377,D113,148.62,184.97,0,SOT23_1000_H01,Place,No,No,No,No,Layer 4,Not used,Auto,No,No,Auto
378,D114,148.62,189.39,0,SOT23_1000_H01,Place,No,No,No,No,Layer 4,Not used,Auto,No,No,Auto
379,D115,148.62,193.3,0,SOT23_1000_H01,Place,No,No,No,No,Layer 4,Not used,Auto,No,No,Auto
380,D116,148.31,120.18,270,DIODE_4200X2500_H01,Place,No,No,No,No,Layer 4,Not used,Auto,No,No,Auto
381,D117,148.31,126.68,270,DIODE_4200X2500_H01,Place,No,No,No,No,Layer 4,Not used,Auto,No,No,Auto
382,D118,148.31,132.67,270,DIODE_4200X2500_H01,Place,No,No,No,No,Layer 4,Not used,Auto,No,No,Auto
383,D119,152.13,184.97,0,SOT23_1000_H01,Place,No,No,No,No,Layer 4,Not used,Auto,No,No,Auto
384,D120,152.13,193.3,0,SOT23_1000_H01,Place,No,No,No,No,Layer 4,Not used,Auto,No,No,Auto
385,D121,152.13,189.39,180,138.0054,Place,No,No,No,No,Layer 4,Not used,Auto,No,No,Auto
386,D122,185.4,109.54,180,POWERDI123_H01,Place,No,No,No,No,Layer 4,Not used,Auto,No,No,Auto
387,D123,185.66,113.2,180,POWERDI123_H01,Place,No,No,No,No,Layer 4,Not used,Auto,No,No,Auto
388,D124,185.91,116.35,180,POWERDI123_H01,Place,No,No,No,No,Layer 4,Not used,Auto,No,No,Auto
389,D125,186.17,119,180,POWERDI123_H01,Place,No,No,No,No,Layer 4,Not used,Auto,No,No,Auto
390,D126,156.14,184.97,0,SOT23_1000_H01,Place,No,No,No,No,Layer 4,Not used,Auto,No,No,Auto
391,D127,156.14,189.39,0,SOT23_1000_H01,Place,No,No,No,No,Layer 4,Not used,Auto,No,No,Auto
392,D128,156.14,193.3,0,SOT23_1000_H01,Place,No,No,No,No,Layer 4,Not used,Auto,No,No,Auto
393,D129,190.69,109.54,180,POWERDI123_H01,Place,No,No,No,No,Layer 4,Not used,Auto,No,No,Auto
394,D130,190.69,113.2,180,POWERDI123_H01,Place,No,No,No,No,Layer 4,Not used,Auto,No,No,Auto
395,D131,190.69,116.35,180,POWERDI123_H01,Place,No,No,No,No,Layer 4,Not used,Auto,No,No,Auto
396,D132,190.69,119,180,POWERDI123_H01,Place,No,No,No,No,Layer 4,Not used,Auto,No,No,Auto
397,D133,194.78,109.44,270,POWERDI123_H01,Place,No,No,No,No,Layer 4,Not used,Auto,No,No,Auto
398,D134,194.78,114.48,270,POWERDI123_H01,Place,No,No,No,No,Layer 4,Not used,Auto,No,No,Auto
399,D135,194.78,119,270,POWERDI123_H01,Place,No,No,No,No,Layer 4,Not used,Auto,No,No,Auto
400,D136,153.58,111.7,180,SOD882_H01,Place,No,No,No,No,Layer 4,Not used,Auto,No,No,Auto
401,D137,153.84,113.99,180,SOD882_H01,Place,No,No,No,No,Layer 4,Not used,Auto,No,No,Auto
402,D138,154.09,116.02,180,SOD882_H01,Place,No,No,No,No,Layer 4,Not used,Auto,No,No,Auto
403,D139,154.34,117.8,180,SOD882_H01,Place,No,No,No,No,Layer 4,Not used,Auto,No,No,Auto
404,D140,154.6,119.32,180,SOD882_H01,Place,No,No,No,No,Layer 4,Not used,Auto,No,No,Auto
405,D141,154.85,120.46,180,SOD882_H01,Place,No,No,No,No,Layer 4,Not used,Auto,No,No,Auto
406,D142,154.98,121.48,180,SOD882_H01,Place,No,No,No,No,Layer 4,Not used,Auto,No,No,Auto
407,D143,156.76,117.8,180,SOD882_H01,Place,No,No,No,No,Layer 4,Not used,Auto,No,No,Auto
408,D144,156.76,119.32,180,SOD882_H01,Place,No,No,No,No,Layer 4,Not used,Auto,No,No,Auto
409,D145,156.76,120.46,180,SOD882_H01,Place,No,No,No,No,Layer 4,Not used,Auto,No,No,Auto
410,D146,156.76,121.48,180,SOD882_H01,Place,No,No,No,No,Layer 4,Not used,Auto,No,No,Auto
411,D147,156.77,111.7,180,SOD882_H01,Place,No,No,No,No,Layer 4,Not used,Auto,No,No,Auto
412,D148,156.78,113.99,180,SOD882_H01,Place,No,No,No,No,Layer 4,Not used,Auto,No,No,Auto
413,D149,156.84,116.02,180,SOD882_H01,Place,No,No,No,No,Layer 4,Not used,Auto,No,No,Auto
414,D150,159.03,112.95,270,SOD882_H01,Place,No,No,No,No,Layer 4,Not used,Auto,No,No,Auto
415,D151,159.03,115.63,270,SOD882_H01,Place,No,No,No,No,Layer 4,Not used,Auto,No,No,Auto
416,D152,159.03,117.79,270,SOD882_H01,Place,No,No,No,No,Layer 4,Not used,Auto,No,No,Auto
417,D153,159.03,119.7,270,SOD882_H01,Place,No,No,No,No,Layer 4,Not used,Auto,No,No,Auto
418,D154,159.03,121.48,270,SOD882_H01,Place,No,No,No,No,Layer 4,Not used,Auto,No,No,Auto
419,D155,163.46,113.58,180,SOD962-2_H01,Place,No,No,No,No,Layer 4,Not used,Auto,No,No,Auto
420,D156,163.72,115.51,180,SOD962-2_H01,Place,No,No,No,No,Layer 4,Not used,Auto,No,No,Auto
421,D157,163.97,117.19,180,SOD962-2_H01,Place,No,No,No,No,Layer 4,Not used,Auto,No,No,Auto
422,D158,164.22,118.61,180,SOD962-2_H01,Place,No,No,No,No,Layer 4,Not used,Auto,No,No,Auto
423,D159,164.48,119.78,180,SOD962-2_H01,Place,No,No,No,No,Layer 4,Not used,Auto,No,No,Auto
424,D160,164.73,120.69,180,SOD962-2_H01,Place,No,No,No,No,Layer 4,Not used,Auto,No,No,Auto
425,D161,164.86,121.48,180,SOD962-2_H01,Place,No,No,No,No,Layer 4,Not used,Auto,No,No,Auto
426,D162,166.25,113.58,180,SOD962-2_H01,Place,No,No,No,No,Layer 4,Not used,Auto,No,No,Auto
427,D163,166.25,115.51,180,SOD962-2_H01,Place,No,No,No,No,Layer 4,Not used,Auto,No,No,Auto
428,D164,166.25,117.19,180,SOD962-2_H01,Place,No,No,No,No,Layer 4,Not used,Auto,No,No,Auto
429,D165,166.25,118.59,180,SOD962-2_H01,Place,No,No,No,No,Layer 4,Not used,Auto,No,No,Auto
430,D166,166.25,119.78,180,SOD962-2_H01,Place,No,No,No,No,Layer 4,Not used,Auto,No,No,Auto
431,D167,166.25,120.69,180,SOD962-2_H01,Place,No,No,No,No,Layer 4,Not used,Auto,No,No,Auto
432,D168,166.25,121.48,180,SOD962-2_H01,Place,No,No,No,No,Layer 4,Not used,Auto,No,No,Auto
433,D169,168.2,114.51,270,SOD962-2_H01,Place,No,No,No,No,Layer 4,Not used,Auto,No,No,Auto
434,D170,168.2,116.8,270,SOD962-2_H01,Place,No,No,No,No,Layer 4,Not used,Auto,No,No,Auto
435,D171,168.2,118.57,270,SOD962-2_H01,Place,No,No,No,No,Layer 4,Not used,Auto,No,No,Auto
436,D172,168.2,120.09,270,SOD962-2_H01,Place,No,No,No,No,Layer 4,Not used,Auto,No,No,Auto
437,D173,168.2,121.48,270,SOD962-2_H01,Place,No,No,No,No,Layer 4,Not used,Auto,No,No,Auto
438,IC1,15.5,159.5,135,TSSOP20_H01,Place,No,No,No,No,Layer 4,Not used,Auto,No,No,Auto
439,IC2,13.31,52.97,180,SO8_4600X4100_1500_H01,Place,No,No,No,No,Layer 4,Not used,Auto,No,No,Auto
440,IC3,13.31,61.4,180,SO8_4600X4100_1500_H01,Place,No,No,No,No,Layer 4,Not used,Auto,No,No,Auto
441,IC4,13.31,28.02,180,SO8_4200X3500_H01,Place,No,No,No,No,Layer 4,Not used,Auto,No,No,Auto
442,IC5,13.31,38.49,180,SO8_4200X3500_H01,Place,No,No,No,No,Layer 4,Not used,Auto,No,No,Auto
443,IC6,19.86,38.49,180,SO8_4200X3500_H01,Place,No,No,No,No,Layer 4,Not used,Auto,No,No,Auto
444,IC7,19.86,28.02,0,SO8_4200X3500_H01,Place,No,No,No,No,Layer 4,Not used,Auto,No,No,Auto
445,IC8,20.93,61.4,180,SO8_4600X4100_1500_H01,Place,No,No,No,No,Layer 4,Not used,Auto,No,No,Auto
446,IC9,20.93,52.97,0,SO8_4600X4100_1500_H01,Place,No,No,No,No,Layer 4,Not used,Auto,No,No,Auto
447,IC10,31.09,52.97,180,SO16_9500X3100_1600_H01,Place,No,No,No,No,Layer 4,Not used,Auto,No,No,Auto
448,IC11,31.09,61.4,180,SO16_9500X3100_1600_H01,Place,No,No,No,No,Layer 4,Not used,Auto,No,No,Auto
449,IC12,37.79,28.02,270,SO8_4200X3500_H01,Place,No,No,No,No,Layer 4,Not used,Auto,No,No,Auto
450,IC13,37.79,33.26,270,SO8_4200X3500_H01,Place,No,No,No,No,Layer 4,Not used,Auto,No,No,Auto
451,IC14,37.79,38.49,270,SO8_4200X3500_H01,Place,No,No,No,No,Layer 4,Not used,Auto,No,No,Auto
452,IC15,43.79,61.4,180,SO16_9500X3100_1600_H01,Place,No,No,No,No,Layer 4,Not used,Auto,No,No,Auto
453,IC16,43.79,52.97,0,SO16_9500X3100_1600_H01,Place,No,No,No,No,Layer 4,Not used,Auto,No,No,Auto
454,IC17,48.23,28.02,270,SO8_4200X3500_H01,Place,No,No,No,No,Layer 4,Not used,Auto,No,No,Auto
455,IC18,48.23,33.26,270,SO8_4200X3500_H01,Place,No,No,No,No,Layer 4,Not used,Auto,No,No,Auto
456,IC19,48.23,38.49,270,SO8_4200X3500_H01,Place,No,No,No,No,Layer 4,Not used,Auto,No,No,Auto
457,IC20,55.22,52.56,180,SSOP20_H01,Place,No,No,No,No,Layer 4,Not used,Auto,No,No,Auto
458,IC21,55.22,61.81,180,SSOP20_H01,Place,No,No,No,No,Layer 4,Not used,Auto,No,No,Auto
459,IC22,58.31,16.9,90,QFN44R05_H01,Place,No,No,No,No,Layer 4,Not used,Auto,No,No,Auto
460,IC23,58.31,8.01,270,QFN44R05_H01,Place,No,No,No,No,Layer 4,Not used,Auto,No,No,Auto
461,IC24,65.38,52.56,0,SSOP20_H01,Place,No,No,No,No,Layer 4,Not used,Auto,No,No,Auto
462,IC25,65.38,61.81,180,SSOP20_H01,Place,No,No,No,No,Layer 4,Not used,Auto,No,No,Auto
463,IC26,73.55,11.82,180,TSQFP100R05_H01,Place,No,No,No,No,Layer 4,Not used,Auto,No,No,Auto
464,IC27,73.55,31.25,90,TSQFP100R05_H01,Place,No,No,No,No,Layer 4,Not used,Auto,No,No,Auto
465,IC28,75.03,53.27,180,TSSOP20_H01,Place,No,No,No,No,Layer 4,Not used,Auto,No,No,Auto
466,IC29,75.03,61.1,180,TSSOP20_H01,Place,No,No,No,No,Layer 4,Not used,Auto,No,No,Auto
467,IC30,77.82,145.22,180,SUPER-SO8_H01,Place,No,No,No,No,Layer 4,Not used,Auto,No,No,Auto
468,IC31,84.17,61.1,180,TSSOP20_H01,Place,No,No,No,No,Layer 4,Not used,Auto,No,No,Auto
469,IC32,84.17,53.27,0,TSSOP20_H01,Place,No,No,No,No,Layer 4,Not used,Auto,No,No,Auto
470,IC33,85.95,145.22,0,SUPER-SO8_H01,Place,No,No,No,No,Layer 4,Not used,Auto,No,No,Auto
471,IC34,90.06,22.61,90,PartNo_TQFP32R08_H01,Place,No,No,No,No,Layer 4,Not used,Auto,No,No,Auto
472,IC35,90.06,34.68,0,PartNo_TQFP32R08_H01,Place,No,No,No,No,Layer 4,Not used,Auto,No,No,Auto
473,IC36,90.06,9.28,90,PartNo_TSQFP64R04_6700X6700_1000-64_H01,Place,No,No,No,No,Layer 4,Not used,Auto,No,No,Auto
474,IC37,94.2,145.22,225,SUPER-SO8_H01,Place,No,No,No,No,Layer 4,Not used,Auto,No,No,Auto
475,IC38,104.03,28.33,225,PartNo_TSQFP64R04_6700X6700_1000-64_H01,Place,No,No,No,No,Layer 4,Not used,Auto,No,No,Auto
476,IC39,103.09,145.22,135,SUPER-SO8_H01,Place,No,No,No,No,Layer 4,Not used,Auto,No,No,Auto
477,IC40,101.49,15.63,90,LGA-10_H01,Place,No,No,No,No,Layer 4,Not used,Auto,No,No,Auto
478,IC41,107.84,15.63,0,LGA-10_H01,Place,No,No,No,No,Layer 4,Not used,Auto,No,No,Auto
479,IC42,111.35,145.22,270,SUPER-SO8_H01,Place,No,No,No,No,Layer 4,Not used,Auto,No,No,Auto
480,IC43,118.97,145.22,90,SUPER-SO8_H01,Place,No,No,No,No,Layer 4,Not used,Auto,No,No,Auto
481,IC44,131.03,145.22,90,DHVQFN24R05_H01,Place,No,No,No,No,Layer 4,Not used,Auto,No,No,Auto
482,IC45,138.02,145.22,0,DHVQFN24R05_H01,Place,No,No,No,No,Layer 4,Not used,Auto,No,No,Auto
483,IC46,141.83,152.46,225,DHVQFN24R05_H01,Place,No,No,No,No,Layer 4,Not used,Auto,No,No,Auto
484,IC47,145.64,145.22,90,DHVQFN24R05_H01,Place,No,No,No,No,Layer 4,Not used,Auto,No,No,Auto
485,L1,6.45,120.94,0,IND_3100X2300_H01,Place,No,No,No,No,Layer 4,Not used,Auto,No,No,Auto
486,L2,6.7,125.18,0,IND_3100X2300_H01,Place,No,No,No,No,Layer 4,Not used,Auto,No,No,Auto
487,L3,6.96,128.91,0,IND_3100X2300_H01,Place,No,No,No,No,Layer 4,Not used,Auto,No,No,Auto
488,L4,7.21,132.14,0,IND_3100X2300_H01,Place,No,No,No,No,Layer 4,Not used,Auto,No,No,Auto
489,L5,11.83,120.94,0,IND_3100X2300_H01,Place,No,No,No,No,Layer 4,Not used,Auto,No,No,Auto
490,L6,11.83,125.18,0,IND_3100X2300_H01,Place,No,No,No,No,Layer 4,Not used,Auto,No,No,Auto
491,L7,11.83,128.91,0,IND_3100X2300_H01,Place,No,No,No,No,Layer 4,Not used,Auto,No,No,Auto
492,L8,11.83,132.14,0,IND_3100X2300_H01,Place,No,No,No,No,Layer 4,Not used,Auto,No,No,Auto
493,L9,16.28,121.66,90,IND_3100X2300_H01,Place,No,No,No,No,Layer 4,Not used,Auto,No,No,Auto
494,L10,16.28,126.79,90,IND_3100X2300_H01,Place,No,No,No,No,Layer 4,Not used,Auto,No,No,Auto
495,L11,16.28,131.42,90,IND_3100X2300_H01,Place,No,No,No,No,Layer 4,Not used,Auto,No,No,Auto
496,L12,22.27,123.3,0,C1206_IND_1000_H01,Place,No,No,No,No,Layer 4,Not used,Auto,No,No,Auto
497,L13,22.53,126.75,0,C1206_IND_1000_H01,Place,No,No,No,No,Layer 4,Not used,Auto,No,No,Auto
498,L14,22.78,129.7,0,C1206_IND_1000_H01,Place,No,No,No,No,Layer 4,Not used,Auto,No,No,Auto
499,L15,23.03,132.14,0,C1206_IND_1000_H01,Place,No,No,No,No,Layer 4,Not used,Auto,No,No,Auto
500,L16,27.73,123.3,0,C1206_IND_1000_H01,Place,No,No,No,No,Layer 4,Not used,Auto,No,No,Auto
501,L17,27.73,126.75,0,C1206_IND_1000_H01,Place,No,No,No,No,Layer 4,Not used,Auto,No,No,Auto
502,L18,27.73,129.7,0,C1206_IND_1000_H01,Place,No,No,No,No,Layer 4,Not used,Auto,No,No,Auto
503,L19,27.73,132.14,0,C1206_IND_1000_H01,Place,No,No,No,No,Layer 4,Not used,Auto,No,No,Auto
504,L20,31.85,122.77,90,C1206_IND_1000_H01,Place,No,No,No,No,Layer 4,Not used,Auto,No,No,Auto
505,L21,31.85,127.97,90,C1206_IND_1000_H01,Place,No,No,No,No,Layer 4,Not used,Auto,No,No,Auto
506,L22,31.85,132.67,90,C1206_IND_1000_H01,Place,No,No,No,No,Layer 4,Not used,Auto,No,No,Auto
507,L23,36.85,125.43,180,C0805_IND_850_H01,Place,No,No,No,No,Layer 4,Not used,Auto,No,No,Auto
508,L24,37.11,128.18,180,C0805_IND_850_H01,Place,No,No,No,No,Layer 4,Not used,Auto,No,No,Auto
509,L25,37.36,130.41,180,C0805_IND_850_H01,Place,No,No,No,No,Layer 4,Not used,Auto,No,No,Auto
510,L26,37.61,132.14,180,C0805_IND_850_H01,Place,No,No,No,No,Layer 4,Not used,Auto,No,No,Auto
511,L27,41.12,125.43,180,C0805_IND_850_H01,Place,No,No,No,No,Layer 4,Not used,Auto,No,No,Auto
512,L28,41.12,128.18,180,C0805_IND_850_H01,Place,No,No,No,No,Layer 4,Not used,Auto,No,No,Auto
513,L29,41.12,130.41,180,C0805_IND_850_H01,Place,No,No,No,No,Layer 4,Not used,Auto,No,No,Auto
514,L30,41.12,132.14,180,C0805_IND_850_H01,Place,No,No,No,No,Layer 4,Not used,Auto,No,No,Auto
515,L31,44.24,125.03,270,C0805_IND_850_H01,Place,No,No,No,No,Layer 4,Not used,Auto,No,No,Auto
516,L32,44.24,129.04,270,C0805_IND_850_H01,Place,No,No,No,No,Layer 4,Not used,Auto,No,No,Auto
517,L33,44.24,132.55,270,C0805_IND_850_H01,Place,No,No,No,No,Layer 4,Not used,Auto,No,No,Auto
518,L34,48.48,126.2,0,C0603_IND_850_H01,Place,No,No,No,No,Layer 4,Not used,Auto,No,No,Auto
519,L35,48.74,128.68,0,C0603_IND_850_H01,Place,No,No,No,No,Layer 4,Not used,Auto,No,No,Auto
520,L36,48.99,130.67,0,C0603_IND_850_H01,Place,No,No,No,No,Layer 4,Not used,Auto,No,No,Auto
521,L37,49.25,132.14,0,C0603_IND_850_H01,Place,No,No,No,No,Layer 4,Not used,Auto,No,No,Auto
522,L38,51.94,126.2,0,C0603_IND_850_H01,Place,No,No,No,No,Layer 4,Not used,Auto,No,No,Auto
523,L39,51.94,128.68,0,C0603_IND_850_H01,Place,No,No,No,No,Layer 4,Not used,Auto,No,No,Auto
524,L40,51.94,130.67,0,C0603_IND_850_H01,Place,No,No,No,No,Layer 4,Not used,Auto,No,No,Auto
525,L41,51.94,132.14,0,C0603_IND_850_H01,Place,No,No,No,No,Layer 4,Not used,Auto,No,No,Auto
526,L42,54.53,126.22,90,C0603_IND_850_H01,Place,No,No,No,No,Layer 4,Not used,Auto,No,No,Auto
527,L43,54.53,129.42,90,C0603_IND_850_H01,Place,No,No,No,No,Layer 4,Not used,Auto,No,No,Auto
528,L44,54.53,132.11,90,C0603_IND_850_H01,Place,No,No,No,No,Layer 4,Not used,Auto,No,No,Auto
529,L45,140.53,168.23,315,WE-PD_H01,Place,No,No,No,No,Layer 4,Not used,Auto,No,No,Auto
530,LED1,59.94,120.25,0,LED1210_H01,Place,No,No,No,No,Layer 4,Not used,Auto,No,No,Auto
531,LED2,60.19,124.72,0,LED1210_H01,Place,No,No,No,No,Layer 4,Not used,Auto,No,No,Auto
532,LED3,60.45,128.68,0,LED1210_H01,Place,No,No,No,No,Layer 4,Not used,Auto,No,No,Auto
533,LED4,60.7,132.14,0,LED1210_H01,Place,No,No,No,No,Layer 4,Not used,Auto,No,No,Auto
534,LED5,65.93,120.25,0,LED1210_H01,Place,No,No,No,No,Layer 4,Not used,Auto,No,No,Auto
535,LED6,65.93,124.72,0,LED1210_H01,Place,No,No,No,No,Layer 4,Not used,Auto,No,No,Auto
536,LED7,65.93,128.68,0,LED1210_H01,Place,No,No,No,No,Layer 4,Not used,Auto,No,No,Auto
537,LED8,65.93,132.14,0,LED1210_H01,Place,No,No,No,No,Layer 4,Not used,Auto,No,No,Auto
538,LED9,70.71,120.71,90,LED1210_H01,Place,No,No,No,No,Layer 4,Not used,Auto,No,No,Auto
539,LED10,70.71,126.45,90,LED1210_H01,Place,No,No,No,No,Layer 4,Not used,Auto,No,No,Auto
540,LED11,70.71,131.68,90,LED1210_H01,Place,No,No,No,No,Layer 4,Not used,Auto,No,No,Auto
541,LED12,76.78,123.94,180,LED1206_H01,Place,No,No,No,No,Layer 4,Not used,Auto,No,No,Auto
542,LED13,77.03,127.19,180,LED1206_H01,Place,No,No,No,No,Layer 4,Not used,Auto,No,No,Auto
543,LED14,77.29,129.93,180,LED1206_H01,Place,No,No,No,No,Layer 4,Not used,Auto,No,No,Auto
544,LED15,77.54,132.16,180,LED1206_H01,Place,No,No,No,No,Layer 4,Not used,Auto,No,No,Auto
545,LED16,82.16,123.94,180,LED1206_H01,Place,No,No,No,No,Layer 4,Not used,Auto,No,No,Auto
546,LED17,82.16,127.19,180,LED1206_H01,Place,No,No,No,No,Layer 4,Not used,Auto,No,No,Auto
547,LED18,82.16,129.93,180,LED1206_H01,Place,No,No,No,No,Layer 4,Not used,Auto,No,No,Auto
548,LED19,82.16,132.16,180,LED1206_H01,Place,No,No,No,No,Layer 4,Not used,Auto,No,No,Auto
549,LED20,86.1,123.17,270,LED1206_H01,Place,No,No,No,No,Layer 4,Not used,Auto,No,No,Auto
550,LED21,86.1,128.3,270,LED1206_H01,Place,No,No,No,No,Layer 4,Not used,Auto,No,No,Auto
551,LED22,86.1,132.93,270,LED1206_H01,Place,No,No,No,No,Layer 4,Not used,Auto,No,No,Auto
552,LED23,90.98,124.82,0,LED0805_700_H01,Place,No,No,No,No,Layer 4,Not used,Auto,No,No,Auto
553,LED24,91.23,127.77,0,LED0805_700_H01,Place,No,No,No,No,Layer 4,Not used,Auto,No,No,Auto
554,LED25,91.49,130.21,0,LED0805_700_H01,Place,No,No,No,No,Layer 4,Not used,Auto,No,No,Auto
555,LED26,91.74,132.14,0,LED0805_700_H01,Place,No,No,No,No,Layer 4,Not used,Auto,No,No,Auto
556,LED27,95.14,124.82,0,LED0805_700_H01,Place,No,No,No,No,Layer 4,Not used,Auto,No,No,Auto
557,LED28,95.14,127.77,0,LED0805_700_H01,Place,No,No,No,No,Layer 4,Not used,Auto,No,No,Auto
558,LED29,95.14,130.21,0,LED0805_700_H01,Place,No,No,No,No,Layer 4,Not used,Auto,No,No,Auto
559,LED30,95.14,132.14,0,LED0805_700_H01,Place,No,No,No,No,Layer 4,Not used,Auto,No,No,Auto
560,LED31,98.32,124.82,90,LED0805_700_H01,Place,No,No,No,No,Layer 4,Not used,Auto,No,No,Auto
561,LED32,98.32,128.74,90,LED0805_700_H01,Place,No,No,No,No,Layer 4,Not used,Auto,No,No,Auto
562,LED33,98.32,132.14,90,LED0805_700_H01,Place,No,No,No,No,Layer 4,Not used,Auto,No,No,Auto
563,LED34,102.64,126.2,180,LED0603_350_H01,Place,No,No,No,No,Layer 4,Not used,Auto,No,No,Auto
564,LED35,102.89,128.68,180,LED0603_350_H01,Place,No,No,No,No,Layer 4,Not used,Auto,No,No,Auto
565,LED36,103.15,130.67,180,LED0603_350_H01,Place,No,No,No,No,Layer 4,Not used,Auto,No,No,Auto
566,LED37,103.4,132.14,180,LED0603_350_H01,Place,No,No,No,No,Layer 4,Not used,Auto,No,No,Auto
567,LED38,106.04,126.2,180,LED0603_350_H01,Place,No,No,No,No,Layer 4,Not used,Auto,No,No,Auto
568,LED39,106.04,128.68,180,LED0603_350_H01,Place,No,No,No,No,Layer 4,Not used,Auto,No,No,Auto
569,LED40,106.04,130.67,180,LED0603_350_H01,Place,No,No,No,No,Layer 4,Not used,Auto,No,No,Auto
570,LED41,106.04,132.14,180,LED0603_350_H01,Place,No,No,No,No,Layer 4,Not used,Auto,No,No,Auto
571,LED42,108.61,126.27,270,LED0603_350_H01,Place,No,No,No,No,Layer 4,Not used,Auto,No,No,Auto
572,LED43,108.61,129.42,270,LED0603_350_H01,Place,No,No,No,No,Layer 4,Not used,Auto,No,No,Auto
573,LED44,108.61,132.06,270,LED0603_350_H01,Place,No,No,No,No,Layer 4,Not used,Auto,No,No,Auto
574,Q1,68.68,172.64,270,Dpak_10000x9000_H01,Place,No,No,No,No,Layer 4,Not used,Auto,No,No,Auto
575,Q2,156.77,19.57,180,SOT223P_H01,Place,No,No,No,No,Layer 4,Not used,Auto,No,No,Auto
576,Q3,156.77,28.59,0,SOT223P_H01,Place,No,No,No,No,Layer 4,Not used,Auto,No,No,Auto
577,Q4,167.78,99.6,135,SOT223P_H01,Place,No,No,No,No,Layer 4,Not used,Auto,No,No,Auto
578,Q5,172.53,104.35,315,SOT223P_H01,Place,No,No,No,No,Layer 4,Not used,Auto,No,No,Auto
579,R1,6.45,102.7,180,MELF_1206_1100_H01,Place,No,No,No,No,Layer 4,Not used,Auto,No,No,Auto
580,R2,6.7,106.21,180,MELF_1206_1100_H01,Place,No,No,No,No,Layer 4,Not used,Auto,No,No,Auto
581,R3,6.96,109.2,180,MELF_1206_1100_H01,Place,No,No,No,No,Layer 4,Not used,Auto,No,No,Auto
582,R4,7.21,111.69,180,MELF_1206_1100_H01,Place,No,No,No,No,Layer 4,Not used,Auto,No,No,Auto
583,R5,7,142.27,180,R01005_MINEFIELD_H01,Place,No,No,No,No,Layer 4,Not used,Auto,No,No,Auto
584,R6,7,143.63,180,R01005_MINEFIELD_H01,Place,No,No,No,No,Layer 4,Not used,Auto,No,No,Auto
585,R7,7,145,180,R01005_MINEFIELD_H01,Place,No,No,No,No,Layer 4,Not used,Auto,No,No,Auto
586,R8,7.35,141.38,180,R0402_250_Minefield_H01,Place,No,No,No,No,Layer 4,Not used,Auto,No,No,Auto
587,R9,7.35,142.75,180,R0402_250_Minefield_H01,Place,No,No,No,No,Layer 4,Not used,Auto,No,No,Auto
588,R10,7.35,144.11,180,R0402_250_Minefield_H01,Place,No,No,No,No,Layer 4,Not used,Auto,No,No,Auto
589,R11,7.46,77.15,0,R0402_250_H01,Place,No,No,No,No,Layer 4,Not used,Auto,No,No,Auto
590,R12,7.32,141.89,0,R0201_200_MINEFIELD_H01,Place,No,No,No,No,Layer 4,Not used,Auto,No,No,Auto
591,R13,7.32,143.26,0,R0201_200_MINEFIELD_H01,Place,No,No,No,No,Layer 4,Not used,Auto,No,No,Auto
592,R14,7.32,144.62,0,R0201_200_MINEFIELD_H01,Place,No,No,No,No,Layer 4,Not used,Auto,No,No,Auto
593,R15,7.13,136.97,270,R01005_MINEFIELD_H01,Place,No,No,No,No,Layer 4,Not used,Auto,No,No,Auto
594,R16,7.13,137.6,270,R01005_MINEFIELD_H01,Place,No,No,No,No,Layer 4,Not used,Auto,No,No,Auto
595,R17,7.13,138.23,270,R01005_MINEFIELD_H01,Place,No,No,No,No,Layer 4,Not used,Auto,No,No,Auto
596,R18,7.13,138.86,270,R01005_MINEFIELD_H01,Place,No,No,No,No,Layer 4,Not used,Auto,No,No,Auto
597,R19,7.13,139.49,270,R01005_MINEFIELD_H01,Place,No,No,No,No,Layer 4,Not used,Auto,No,No,Auto
598,R20,7.13,140.12,270,R01005_MINEFIELD_H01,Place,No,No,No,No,Layer 4,Not used,Auto,No,No,Auto
599,R21,7.13,140.75,270,R01005_MINEFIELD_H01,Place,No,No,No,No,Layer 4,Not used,Auto,No,No,Auto
600,R22,7.63,142.27,180,R01005_MINEFIELD_H01,Place,No,No,No,No,Layer 4,Not used,Auto,No,No,Auto
601,R23,7.63,143.63,180,R01005_MINEFIELD_H01,Place,No,No,No,No,Layer 4,Not used,Auto,No,No,Auto
602,R24,7.63,145,180,R01005_MINEFIELD_H01,Place,No,No,No,No,Layer 4,Not used,Auto,No,No,Auto
603,R25,7.51,136.94,90,R0201_200_MINEFIELD_H01,Place,No,No,No,No,Layer 4,Not used,Auto,No,No,Auto
604,R26,7.51,137.86,90,R0201_200_MINEFIELD_H01,Place,No,No,No,No,Layer 4,Not used,Auto,No,No,Auto
605,R27,7.51,138.77,90,R0201_200_MINEFIELD_H01,Place,No,No,No,No,Layer 4,Not used,Auto,No,No,Auto
606,R28,7.51,139.69,90,R0201_200_MINEFIELD_H01,Place,No,No,No,No,Layer 4,Not used,Auto,No,No,Auto
607,R29,7.51,140.6,90,R0201_200_MINEFIELD_H01,Place,No,No,No,No,Layer 4,Not used,Auto,No,No,Auto
608,R30,8.23,141.89,0,R0201_200_MINEFIELD_H01,Place,No,No,No,No,Layer 4,Not used,Auto,No,No,Auto
609,R31,8.23,143.26,0,R0201_200_MINEFIELD_H01,Place,No,No,No,No,Layer 4,Not used,Auto,No,No,Auto
610,R32,8.23,144.62,0,R0201_200_MINEFIELD_H01,Place,No,No,No,No,Layer 4,Not used,Auto,No,No,Auto
611,R33,8.02,137.49,270,R0402_250_Minefield_H01,Place,No,No,No,No,Layer 4,Not used,Auto,No,No,Auto
612,R34,8.02,138.92,270,R0402_250_Minefield_H01,Place,No,No,No,No,Layer 4,Not used,Auto,No,No,Auto
613,R35,8.02,140.35,270,R0402_250_Minefield_H01,Place,No,No,No,No,Layer 4,Not used,Auto,No,No,Auto
614,R36,8.26,142.27,180,R01005_MINEFIELD_H01,Place,No,No,No,No,Layer 4,Not used,Auto,No,No,Auto
615,R37,8.26,143.63,180,R01005_MINEFIELD_H01,Place,No,No,No,No,Layer 4,Not used,Auto,No,No,Auto
616,R38,8.26,145,180,R01005_MINEFIELD_H01,Place,No,No,No,No,Layer 4,Not used,Auto,No,No,Auto
617,R39,8.78,141.38,180,R0402_250_Minefield_H01,Place,No,No,No,No,Layer 4,Not used,Auto,No,No,Auto
618,R40,8.78,142.75,180,R0402_250_Minefield_H01,Place,No,No,No,No,Layer 4,Not used,Auto,No,No,Auto
619,R41,8.78,144.11,180,R0402_250_Minefield_H01,Place,No,No,No,No,Layer 4,Not used,Auto,No,No,Auto
620,R42,8.5,136.97,270,R01005_MINEFIELD_H01,Place,No,No,No,No,Layer 4,Not used,Auto,No,No,Auto
621,R43,8.5,137.6,270,R01005_MINEFIELD_H01,Place,No,No,No,No,Layer 4,Not used,Auto,No,No,Auto
622,R44,8.5,138.23,270,R01005_MINEFIELD_H01,Place,No,No,No,No,Layer 4,Not used,Auto,No,No,Auto
623,R45,8.5,138.86,270,R01005_MINEFIELD_H01,Place,No,No,No,No,Layer 4,Not used,Auto,No,No,Auto
624,R46,8.5,139.49,270,R01005_MINEFIELD_H01,Place,No,No,No,No,Layer 4,Not used,Auto,No,No,Auto
625,R47,8.5,140.12,270,R01005_MINEFIELD_H01,Place,No,No,No,No,Layer 4,Not used,Auto,No,No,Auto
626,R48,8.5,140.75,270,R01005_MINEFIELD_H01,Place,No,No,No,No,Layer 4,Not used,Auto,No,No,Auto
627,R49,8.89,142.27,180,R01005_MINEFIELD_H01,Place,No,No,No,No,Layer 4,Not used,Auto,No,No,Auto
628,R50,8.89,143.63,180,R01005_MINEFIELD_H01,Place,No,No,No,No,Layer 4,Not used,Auto,No,No,Auto
629,R51,8.89,145,180,R01005_MINEFIELD_H01,Place,No,No,No,No,Layer 4,Not used,Auto,No,No,Auto
630,R52,9.15,141.89,0,R0201_200_MINEFIELD_H01,Place,No,No,No,No,Layer 4,Not used,Auto,No,No,Auto
631,R53,9.15,143.26,0,R0201_200_MINEFIELD_H01,Place,No,No,No,No,Layer 4,Not used,Auto,No,No,Auto
632,R54,9.15,144.62,0,R0201_200_MINEFIELD_H01,Place,No,No,No,No,Layer 4,Not used,Auto,No,No,Auto
633,R55,8.87,136.94,90,R0201_200_MINEFIELD_H01,Place,No,No,No,No,Layer 4,Not used,Auto,No,No,Auto
634,R56,8.87,137.86,90,R0201_200_MINEFIELD_H01,Place,No,No,No,No,Layer 4,Not used,Auto,No,No,Auto
635,R57,8.87,138.77,90,R0201_200_MINEFIELD_H01,Place,No,No,No,No,Layer 4,Not used,Auto,No,No,Auto
636,R58,8.87,139.69,90,R0201_200_MINEFIELD_H01,Place,No,No,No,No,Layer 4,Not used,Auto,No,No,Auto
637,R59,8.87,140.6,90,R0201_200_MINEFIELD_H01,Place,No,No,No,No,Layer 4,Not used,Auto,No,No,Auto
638,R60,9.75,77.15,0,R0402_250_H01,Place,No,No,No,No,Layer 4,Not used,Auto,No,No,Auto
639,R61,9.52,142.27,180,R01005_MINEFIELD_H01,Place,No,No,No,No,Layer 4,Not used,Auto,No,No,Auto
640,R62,9.52,143.63,180,R01005_MINEFIELD_H01,Place,No,No,No,No,Layer 4,Not used,Auto,No,No,Auto
641,R63,9.52,145,180,R01005_MINEFIELD_H01,Place,No,No,No,No,Layer 4,Not used,Auto,No,No,Auto
642,R64,9.38,137.49,270,R0402_250_Minefield_H01,Place,No,No,No,No,Layer 4,Not used,Auto,No,No,Auto
643,R65,9.38,138.92,270,R0402_250_Minefield_H01,Place,No,No,No,No,Layer 4,Not used,Auto,No,No,Auto
644,R66,9.38,140.35,270,R0402_250_Minefield_H01,Place,No,No,No,No,Layer 4,Not used,Auto,No,No,Auto
645,R67,10.21,141.38,180,R0402_250_Minefield_H01,Place,No,No,No,No,Layer 4,Not used,Auto,No,No,Auto
646,R68,10.21,142.75,180,R0402_250_Minefield_H01,Place,No,No,No,No,Layer 4,Not used,Auto,No,No,Auto
647,R69,10.21,144.11,180,R0402_250_Minefield_H01,Place,No,No,No,No,Layer 4,Not used,Auto,No,No,Auto
648,R70,10.06,141.89,0,R0201_200_MINEFIELD_H01,Place,No,No,No,No,Layer 4,Not used,Auto,No,No,Auto
649,R71,10.06,143.26,0,R0201_200_MINEFIELD_H01,Place,No,No,No,No,Layer 4,Not used,Auto,No,No,Auto
650,R72,10.06,144.62,0,R0201_200_MINEFIELD_H01,Place,No,No,No,No,Layer 4,Not used,Auto,No,No,Auto
651,R73,10.15,142.27,180,R01005_MINEFIELD_H01,Place,No,No,No,No,Layer 4,Not used,Auto,No,No,Auto
652,R74,10.15,143.63,180,R01005_MINEFIELD_H01,Place,No,No,No,No,Layer 4,Not used,Auto,No,No,Auto
653,R75,10.15,145,180,R01005_MINEFIELD_H01,Place,No,No,No,No,Layer 4,Not used,Auto,No,No,Auto
654,R76,9.86,136.97,270,R01005_MINEFIELD_H01,Place,No,No,No,No,Layer 4,Not used,Auto,No,No,Auto
655,R77,9.86,137.6,270,R01005_MINEFIELD_H01,Place,No,No,No,No,Layer 4,Not used,Auto,No,No,Auto
656,R78,9.86,138.23,270,R01005_MINEFIELD_H01,Place,No,No,No,No,Layer 4,Not used,Auto,No,No,Auto
657,R79,9.86,138.86,270,R01005_MINEFIELD_H01,Place,No,No,No,No,Layer 4,Not used,Auto,No,No,Auto
658,R80,9.86,139.49,270,R01005_MINEFIELD_H01,Place,No,No,No,No,Layer 4,Not used,Auto,No,No,Auto
659,R81,9.86,140.12,270,R01005_MINEFIELD_H01,Place,No,No,No,No,Layer 4,Not used,Auto,No,No,Auto
660,R82,9.86,140.75,270,R01005_MINEFIELD_H01,Place,No,No,No,No,Layer 4,Not used,Auto,No,No,Auto
661,R83,11.98,102.7,180,MELF_1206_1100_H01,Place,No,No,No,No,Layer 4,Not used,Auto,No,No,Auto
662,R84,11.98,106.21,180,MELF_1206_1100_H01,Place,No,No,No,No,Layer 4,Not used,Auto,No,No,Auto
663,R85,11.98,109.2,180,MELF_1206_1100_H01,Place,No,No,No,No,Layer 4,Not used,Auto,No,No,Auto
664,R86,11.98,111.69,180,MELF_1206_1100_H01,Place,No,No,No,No,Layer 4,Not used,Auto,No,No,Auto
665,R87,10.24,136.94,90,R0201_200_MINEFIELD_H01,Place,No,No,No,No,Layer 4,Not used,Auto,No,No,Auto
666,R88,10.24,137.86,90,R0201_200_MINEFIELD_H01,Place,No,No,No,No,Layer 4,Not used,Auto,No,No,Auto
667,R89,10.24,138.77,90,R0201_200_MINEFIELD_H01,Place,No,No,No,No,Layer 4,Not used,Auto,No,No,Auto
668,R90,10.24,139.69,90,R0201_200_MINEFIELD_H01,Place,No,No,No,No,Layer 4,Not used,Auto,No,No,Auto
669,R91,10.24,140.6,90,R0201_200_MINEFIELD_H01,Place,No,No,No,No,Layer 4,Not used,Auto,No,No,Auto
670,R92,10.78,142.27,180,R01005_MINEFIELD_H01,Place,No,No,No,No,Layer 4,Not used,Auto,No,No,Auto
671,R93,10.78,143.63,180,R01005_MINEFIELD_H01,Place,No,No,No,No,Layer 4,Not used,Auto,No,No,Auto
672,R94,10.78,145,180,R01005_MINEFIELD_H01,Place,No,No,No,No,Layer 4,Not used,Auto,No,No,Auto
673,R95,10.98,141.89,0,R0201_200_MINEFIELD_H01,Place,No,No,No,No,Layer 4,Not used,Auto,No,No,Auto
674,R96,10.98,143.26,0,R0201_200_MINEFIELD_H01,Place,No,No,No,No,Layer 4,Not used,Auto,No,No,Auto
675,R97,10.98,144.62,0,R0201_200_MINEFIELD_H01,Place,No,No,No,No,Layer 4,Not used,Auto,No,No,Auto
676,R98,10.75,137.49,270,R0402_250_Minefield_H01,Place,No,No,No,No,Layer 4,Not used,Auto,No,No,Auto
677,R99,10.75,138.92,270,R0402_250_Minefield_H01,Place,No,No,No,No,Layer 4,Not used,Auto,No,No,Auto
678,R100,10.75,140.35,270,R0402_250_Minefield_H01,Place,No,No,No,No,Layer 4,Not used,Auto,No,No,Auto
679,R101,11.64,141.38,180,R0402_250_Minefield_H01,Place,No,No,No,No,Layer 4,Not used,Auto,No,No,Auto
680,R102,11.64,142.75,180,R0402_250_Minefield_H01,Place,No,No,No,No,Layer 4,Not used,Auto,No,No,Auto
681,R103,11.64,144.11,180,R0402_250_Minefield_H01,Place,No,No,No,No,Layer 4,Not used,Auto,No,No,Auto
682,R104,11.41,142.27,180,R01005_MINEFIELD_H01,Place,No,No,No,No,Layer 4,Not used,Auto,No,No,Auto
683,R105,11.41,143.63,180,R01005_MINEFIELD_H01,Place,No,No,No,No,Layer 4,Not used,Auto,No,No,Auto
684,R106,11.41,145,180,R01005_MINEFIELD_H01,Place,No,No,No,No,Layer 4,Not used,Auto,No,No,Auto
685,R107,11.23,136.97,270,R01005_MINEFIELD_H01,Place,No,No,No,No,Layer 4,Not used,Auto,No,No,Auto
686,R108,11.23,137.6,270,R01005_MINEFIELD_H01,Place,No,No,No,No,Layer 4,Not used,Auto,No,No,Auto
687,R109,11.23,138.23,270,R01005_MINEFIELD_H01,Place,No,No,No,No,Layer 4,Not used,Auto,No,No,Auto
688,R110,11.23,138.86,270,R01005_MINEFIELD_H01,Place,No,No,No,No,Layer 4,Not used,Auto,No,No,Auto
689,R111,11.23,139.49,270,R01005_MINEFIELD_H01,Place,No,No,No,No,Layer 4,Not used,Auto,No,No,Auto
690,R112,11.23,140.12,270,R01005_MINEFIELD_H01,Place,No,No,No,No,Layer 4,Not used,Auto,No,No,Auto
691,R113,11.23,140.75,270,R01005_MINEFIELD_H01,Place,No,No,No,No,Layer 4,Not used,Auto,No,No,Auto
692,R114,12.04,77.15,0,R0402_250_H01,Place,No,No,No,No,Layer 4,Not used,Auto,No,No,Auto
693,R115,11.89,141.89,0,R0201_200_MINEFIELD_H01,Place,No,No,No,No,Layer 4,Not used,Auto,No,No,Auto
694,R116,11.89,143.26,0,R0201_200_MINEFIELD_H01,Place,No,No,No,No,Layer 4,Not used,Auto,No,No,Auto
695,R117,11.89,144.62,0,R0201_200_MINEFIELD_H01,Place,No,No,No,No,Layer 4,Not used,Auto,No,No,Auto
696,R118,11.6,136.94,90,R0201_200_MINEFIELD_H01,Place,No,No,No,No,Layer 4,Not used,Auto,No,No,Auto
697,R119,11.6,137.86,90,R0201_200_MINEFIELD_H01,Place,No,No,No,No,Layer 4,Not used,Auto,No,No,Auto
698,R120,11.6,138.77,90,R0201_200_MINEFIELD_H01,Place,No,No,No,No,Layer 4,Not used,Auto,No,No,Auto
699,R121,11.6,139.69,90,R0201_200_MINEFIELD_H01,Place,No,No,No,No,Layer 4,Not used,Auto,No,No,Auto
700,R122,11.6,140.6,90,R0201_200_MINEFIELD_H01,Place,No,No,No,No,Layer 4,Not used,Auto,No,No,Auto
701,R123,12.04,142.27,180,R01005_MINEFIELD_H01,Place,No,No,No,No,Layer 4,Not used,Auto,No,No,Auto
702,R124,12.04,143.63,180,R01005_MINEFIELD_H01,Place,No,No,No,No,Layer 4,Not used,Auto,No,No,Auto
703,R125,12.04,145,180,R01005_MINEFIELD_H01,Place,No,No,No,No,Layer 4,Not used,Auto,No,No,Auto
704,R126,12.11,137.49,270,R0402_250_Minefield_H01,Place,No,No,No,No,Layer 4,Not used,Auto,No,No,Auto
705,R127,12.11,138.92,270,R0402_250_Minefield_H01,Place,No,No,No,No,Layer 4,Not used,Auto,No,No,Auto
706,R128,12.11,140.35,270,R0402_250_Minefield_H01,Place,No,No,No,No,Layer 4,Not used,Auto,No,No,Auto
707,R129,12.67,142.27,180,R01005_MINEFIELD_H01,Place,No,No,No,No,Layer 4,Not used,Auto,No,No,Auto
708,R130,12.67,143.63,180,R01005_MINEFIELD_H01,Place,No,No,No,No,Layer 4,Not used,Auto,No,No,Auto
709,R131,12.67,145,180,R01005_MINEFIELD_H01,Place,No,No,No,No,Layer 4,Not used,Auto,No,No,Auto
710,R132,12.81,141.89,0,R0201_200_MINEFIELD_H01,Place,No,No,No,No,Layer 4,Not used,Auto,No,No,Auto
711,R133,12.81,143.26,0,R0201_200_MINEFIELD_H01,Place,No,No,No,No,Layer 4,Not used,Auto,No,No,Auto
712,R134,12.81,144.62,0,R0201_200_MINEFIELD_H01,Place,No,No,No,No,Layer 4,Not used,Auto,No,No,Auto
713,R135,13.07,141.38,180,R0402_250_Minefield_H01,Place,No,No,No,No,Layer 4,Not used,Auto,No,No,Auto
714,R136,13.07,142.75,180,R0402_250_Minefield_H01,Place,No,No,No,No,Layer 4,Not used,Auto,No,No,Auto
715,R137,13.07,144.11,180,R0402_250_Minefield_H01,Place,No,No,No,No,Layer 4,Not used,Auto,No,No,Auto
716,R138,12.59,136.97,270,R01005_MINEFIELD_H01,Place,No,No,No,No,Layer 4,Not used,Auto,No,No,Auto
717,R139,12.59,137.6,270,R01005_MINEFIELD_H01,Place,No,No,No,No,Layer 4,Not used,Auto,No,No,Auto
718,R140,12.59,138.23,270,R01005_MINEFIELD_H01,Place,No,No,No,No,Layer 4,Not used,Auto,No,No,Auto
719,R141,12.59,138.86,270,R01005_MINEFIELD_H01,Place,No,No,No,No,Layer 4,Not used,Auto,No,No,Auto
720,R142,12.59,139.49,270,R01005_MINEFIELD_H01,Place,No,No,No,No,Layer 4,Not used,Auto,No,No,Auto
721,R143,12.59,140.12,270,R01005_MINEFIELD_H01,Place,No,No,No,No,Layer 4,Not used,Auto,No,No,Auto
722,R144,12.59,140.75,270,R01005_MINEFIELD_H01,Place,No,No,No,No,Layer 4,Not used,Auto,No,No,Auto
723,R145,12.97,136.94,90,R0201_200_MINEFIELD_H01,Place,No,No,No,No,Layer 4,Not used,Auto,No,No,Auto
724,R146,12.97,137.86,90,R0201_200_MINEFIELD_H01,Place,No,No,No,No,Layer 4,Not used,Auto,No,No,Auto
725,R147,12.97,138.77,90,R0201_200_MINEFIELD_H01,Place,No,No,No,No,Layer 4,Not used,Auto,No,No,Auto
726,R148,12.97,139.69,90,R0201_200_MINEFIELD_H01,Place,No,No,No,No,Layer 4,Not used,Auto,No,No,Auto
727,R149,12.97,140.6,90,R0201_200_MINEFIELD_H01,Place,No,No,No,No,Layer 4,Not used,Auto,No,No,Auto
728,R150,13.3,142.27,180,R01005_MINEFIELD_H01,Place,No,No,No,No,Layer 4,Not used,Auto,No,No,Auto
729,R151,13.3,143.63,180,R01005_MINEFIELD_H01,Place,No,No,No,No,Layer 4,Not used,Auto,No,No,Auto
730,R152,13.3,145,180,R01005_MINEFIELD_H01,Place,No,No,No,No,Layer 4,Not used,Auto,No,No,Auto
731,R153,13.72,141.89,0,R0201_200_MINEFIELD_H01,Place,No,No,No,No,Layer 4,Not used,Auto,No,No,Auto
732,R154,13.72,143.26,0,R0201_200_MINEFIELD_H01,Place,No,No,No,No,Layer 4,Not used,Auto,No,No,Auto
733,R155,13.72,144.62,0,R0201_200_MINEFIELD_H01,Place,No,No,No,No,Layer 4,Not used,Auto,No,No,Auto
734,R156,13.48,137.49,270,R0402_250_Minefield_H01,Place,No,No,No,No,Layer 4,Not used,Auto,No,No,Auto
735,R157,13.48,138.92,270,R0402_250_Minefield_H01,Place,No,No,No,No,Layer 4,Not used,Auto,No,No,Auto
736,R158,13.48,140.35,270,R0402_250_Minefield_H01,Place,No,No,No,No,Layer 4,Not used,Auto,No,No,Auto
737,R159,13.93,142.27,180,R01005_MINEFIELD_H01,Place,No,No,No,No,Layer 4,Not used,Auto,No,No,Auto
738,R160,13.93,143.63,180,R01005_MINEFIELD_H01,Place,No,No,No,No,Layer 4,Not used,Auto,No,No,Auto
739,R161,13.93,145,180,R01005_MINEFIELD_H01,Place,No,No,No,No,Layer 4,Not used,Auto,No,No,Auto
740,R162,14.32,77.15,0,R0402_250_H01,Place,No,No,No,No,Layer 4,Not used,Auto,No,No,Auto
741,R163,14.5,141.38,180,R0402_250_Minefield_H01,Place,No,No,No,No,Layer 4,Not used,Auto,No,No,Auto
742,R164,14.5,142.75,180,R0402_250_Minefield_H01,Place,No,No,No,No,Layer 4,Not used,Auto,No,No,Auto
743,R165,14.5,144.11,180,R0402_250_Minefield_H01,Place,No,No,No,No,Layer 4,Not used,Auto,No,No,Auto
744,R166,13.96,136.97,270,R01005_MINEFIELD_H01,Place,No,No,No,No,Layer 4,Not used,Auto,No,No,Auto
745,R167,13.96,137.6,270,R01005_MINEFIELD_H01,Place,No,No,No,No,Layer 4,Not used,Auto,No,No,Auto
746,R168,13.96,138.23,270,R01005_MINEFIELD_H01,Place,No,No,No,No,Layer 4,Not used,Auto,No,No,Auto
747,R169,13.96,138.86,270,R01005_MINEFIELD_H01,Place,No,No,No,No,Layer 4,Not used,Auto,No,No,Auto
748,R170,13.96,139.49,270,R01005_MINEFIELD_H01,Place,No,No,No,No,Layer 4,Not used,Auto,No,No,Auto
749,R171,13.96,140.12,270,R01005_MINEFIELD_H01,Place,No,No,No,No,Layer 4,Not used,Auto,No,No,Auto
750,R172,13.96,140.75,270,R01005_MINEFIELD_H01,Place,No,No,No,No,Layer 4,Not used,Auto,No,No,Auto
751,R173,14.33,136.94,90,R0201_200_MINEFIELD_H01,Place,No,No,No,No,Layer 4,Not used,Auto,No,No,Auto
752,R174,14.33,137.86,90,R0201_200_MINEFIELD_H01,Place,No,No,No,No,Layer 4,Not used,Auto,No,No,Auto
753,R175,14.33,138.77,90,R0201_200_MINEFIELD_H01,Place,No,No,No,No,Layer 4,Not used,Auto,No,No,Auto
754,R176,14.33,139.69,90,R0201_200_MINEFIELD_H01,Place,No,No,No,No,Layer 4,Not used,Auto,No,No,Auto
755,R177,14.33,140.6,90,R0201_200_MINEFIELD_H01,Place,No,No,No,No,Layer 4,Not used,Auto,No,No,Auto
756,R178,14.64,141.89,0,R0201_200_MINEFIELD_H01,Place,No,No,No,No,Layer 4,Not used,Auto,No,No,Auto
757,R179,14.64,143.26,0,R0201_200_MINEFIELD_H01,Place,No,No,No,No,Layer 4,Not used,Auto,No,No,Auto
758,R180,14.64,144.62,0,R0201_200_MINEFIELD_H01,Place,No,No,No,No,Layer 4,Not used,Auto,No,No,Auto
759,R181,14.56,142.27,180,R01005_MINEFIELD_H01,Place,No,No,No,No,Layer 4,Not used,Auto,No,No,Auto
760,R182,14.56,143.63,180,R01005_MINEFIELD_H01,Place,No,No,No,No,Layer 4,Not used,Auto,No,No,Auto
761,R183,14.56,145,180,R01005_MINEFIELD_H01,Place,No,No,No,No,Layer 4,Not used,Auto,No,No,Auto
762,R184,14.84,137.49,270,R0402_250_Minefield_H01,Place,No,No,No,No,Layer 4,Not used,Auto,No,No,Auto
763,R185,14.84,138.92,270,R0402_250_Minefield_H01,Place,No,No,No,No,Layer 4,Not used,Auto,No,No,Auto
764,R186,14.84,140.35,270,R0402_250_Minefield_H01,Place,No,No,No,No,Layer 4,Not used,Auto,No,No,Auto
765,R187,15.19,142.27,180,R01005_MINEFIELD_H01,Place,No,No,No,No,Layer 4,Not used,Auto,No,No,Auto
766,R188,15.19,143.63,180,R01005_MINEFIELD_H01,Place,No,No,No,No,Layer 4,Not used,Auto,No,No,Auto
767,R189,15.19,145,180,R01005_MINEFIELD_H01,Place,No,No,No,No,Layer 4,Not used,Auto,No,No,Auto
768,R190,16.5,168,45,R0805_500_H01,Place,No,No,No,No,Layer 4,Not used,Auto,No,No,Auto
769,R191,15.55,141.89,0,R0201_200_MINEFIELD_H01,Place,No,No,No,No,Layer 4,Not used,Auto,No,No,Auto
770,R192,15.55,143.26,0,R0201_200_MINEFIELD_H01,Place,No,No,No,No,Layer 4,Not used,Auto,No,No,Auto
771,R193,15.55,144.62,0,R0201_200_MINEFIELD_H01,Place,No,No,No,No,Layer 4,Not used,Auto,No,No,Auto
772,R194,16.12,102.17,270,MELF_1206_1100_H01,Place,No,No,No,No,Layer 4,Not used,Auto,No,No,Auto
773,R195,16.12,107.45,270,MELF_1206_1100_H01,Place,No,No,No,No,Layer 4,Not used,Auto,No,No,Auto
774,R196,16.12,112.23,270,MELF_1206_1100_H01,Place,No,No,No,No,Layer 4,Not used,Auto,No,No,Auto
775,R197,15.32,136.97,270,R01005_MINEFIELD_H01,Place,No,No,No,No,Layer 4,Not used,Auto,No,No,Auto
776,R198,15.32,137.6,270,R01005_MINEFIELD_H01,Place,No,No,No,No,Layer 4,Not used,Auto,No,No,Auto
777,R199,15.32,138.23,270,R01005_MINEFIELD_H01,Place,No,No,No,No,Layer 4,Not used,Auto,No,No,Auto
778,R200,15.32,138.86,270,R01005_MINEFIELD_H01,Place,No,No,No,No,Layer 4,Not used,Auto,No,No,Auto
779,R201,15.32,139.49,270,R01005_MINEFIELD_H01,Place,No,No,No,No,Layer 4,Not used,Auto,No,No,Auto
780,R202,15.32,140.12,270,R01005_MINEFIELD_H01,Place,No,No,No,No,Layer 4,Not used,Auto,No,No,Auto
781,R203,15.32,140.75,270,R01005_MINEFIELD_H01,Place,No,No,No,No,Layer 4,Not used,Auto,No,No,Auto
782,R204,15.93,141.38,180,R0402_250_Minefield_H01,Place,No,No,No,No,Layer 4,Not used,Auto,No,No,Auto
783,R205,15.93,142.75,180,R0402_250_Minefield_H01,Place,No,No,No,No,Layer 4,Not used,Auto,No,No,Auto
784,R206,15.93,144.11,180,R0402_250_Minefield_H01,Place,No,No,No,No,Layer 4,Not used,Auto,No,No,Auto
785,R207,15.82,142.27,180,R01005_MINEFIELD_H01,Place,No,No,No,No,Layer 4,Not used,Auto,No,No,Auto
786,R208,15.82,143.63,180,R01005_MINEFIELD_H01,Place,No,No,No,No,Layer 4,Not used,Auto,No,No,Auto
787,R209,15.82,145,180,R01005_MINEFIELD_H01,Place,No,No,No,No,Layer 4,Not used,Auto,No,No,Auto
788,R210,15.7,136.94,90,R0201_200_MINEFIELD_H01,Place,No,No,No,No,Layer 4,Not used,Auto,No,No,Auto
789,R211,15.7,137.86,90,R0201_200_MINEFIELD_H01,Place,No,No,No,No,Layer 4,Not used,Auto,No,No,Auto
790,R212,15.7,138.77,90,R0201_200_MINEFIELD_H01,Place,No,No,No,No,Layer 4,Not used,Auto,No,No,Auto
791,R213,15.7,139.69,90,R0201_200_MINEFIELD_H01,Place,No,No,No,No,Layer 4,Not used,Auto,No,No,Auto
792,R214,15.7,140.6,90,R0201_200_MINEFIELD_H01,Place,No,No,No,No,Layer 4,Not used,Auto,No,No,Auto
793,R215,16.61,77.15,0,R0402_250_H01,Place,No,No,No,No,Layer 4,Not used,Auto,No,No,Auto
794,R216,16.21,137.49,270,R0402_250_Minefield_H01,Place,No,No,No,No,Layer 4,Not used,Auto,No,No,Auto
795,R217,16.21,138.92,270,R0402_250_Minefield_H01,Place,No,No,No,No,Layer 4,Not used,Auto,No,No,Auto
796,R218,16.21,140.35,270,R0402_250_Minefield_H01,Place,No,No,No,No,Layer 4,Not used,Auto,No,No,Auto
797,R219,16.47,141.89,0,R0201_200_MINEFIELD_H01,Place,No,No,No,No,Layer 4,Not used,Auto,No,No,Auto
798,R220,16.47,143.26,0,R0201_200_MINEFIELD_H01,Place,No,No,No,No,Layer 4,Not used,Auto,No,No,Auto
799,R221,16.47,144.62,0,R0201_200_MINEFIELD_H01,Place,No,No,No,No,Layer 4,Not used,Auto,No,No,Auto
800,R222,16.45,142.27,180,R01005_MINEFIELD_H01,Place,No,No,No,No,Layer 4,Not used,Auto,No,No,Auto
801,R223,16.45,143.63,180,R01005_MINEFIELD_H01,Place,No,No,No,No,Layer 4,Not used,Auto,No,No,Auto
802,R224,16.45,145,180,R01005_MINEFIELD_H01,Place,No,No,No,No,Layer 4,Not used,Auto,No,No,Auto
803,R225,18,166.5,45,R0805_500_H01,Place,No,No,No,No,Layer 4,Not used,Auto,No,No,Auto
804,R226,16.69,136.97,270,R01005_MINEFIELD_H01,Place,No,No,No,No,Layer 4,Not used,Auto,No,No,Auto
805,R227,16.69,137.6,270,R01005_MINEFIELD_H01,Place,No,No,No,No,Layer 4,Not used,Auto,No,No,Auto
806,R228,16.69,138.23,270,R01005_MINEFIELD_H01,Place,No,No,No,No,Layer 4,Not used,Auto,No,No,Auto
807,R229,16.69,138.86,270,R01005_MINEFIELD_H01,Place,No,No,No,No,Layer 4,Not used,Auto,No,No,Auto
808,R230,16.69,139.49,270,R01005_MINEFIELD_H01,Place,No,No,No,No,Layer 4,Not used,Auto,No,No,Auto
809,R231,16.69,140.12,270,R01005_MINEFIELD_H01,Place,No,No,No,No,Layer 4,Not used,Auto,No,No,Auto
810,R232,16.69,140.75,270,R01005_MINEFIELD_H01,Place,No,No,No,No,Layer 4,Not used,Auto,No,No,Auto
811,R233,17.36,141.38,180,R0402_250_Minefield_H01,Place,No,No,No,No,Layer 4,Not used,Auto,No,No,Auto
812,R234,17.36,142.75,180,R0402_250_Minefield_H01,Place,No,No,No,No,Layer 4,Not used,Auto,No,No,Auto
813,R235,17.36,144.11,180,R0402_250_Minefield_H01,Place,No,No,No,No,Layer 4,Not used,Auto,No,No,Auto
814,R236,17.08,142.27,180,R01005_MINEFIELD_H01,Place,No,No,No,No,Layer 4,Not used,Auto,No,No,Auto
815,R237,17.08,143.63,180,R01005_MINEFIELD_H01,Place,No,No,No,No,Layer 4,Not used,Auto,No,No,Auto
816,R238,17.08,145,180,R01005_MINEFIELD_H01,Place,No,No,No,No,Layer 4,Not used,Auto,No,No,Auto
817,R239,17.06,136.94,90,R0201_200_MINEFIELD_H01,Place,No,No,No,No,Layer 4,Not used,Auto,No,No,Auto
818,R240,17.06,137.86,90,R0201_200_MINEFIELD_H01,Place,No,No,No,No,Layer 4,Not used,Auto,No,No,Auto
819,R241,17.06,138.77,90,R0201_200_MINEFIELD_H01,Place,No,No,No,No,Layer 4,Not used,Auto,No,No,Auto
820,R242,17.06,139.69,90,R0201_200_MINEFIELD_H01,Place,No,No,No,No,Layer 4,Not used,Auto,No,No,Auto
821,R243,17.06,140.6,90,R0201_200_MINEFIELD_H01,Place,No,No,No,No,Layer 4,Not used,Auto,No,No,Auto
822,R244,17.38,141.89,0,R0201_200_MINEFIELD_H01,Place,No,No,No,No,Layer 4,Not used,Auto,No,No,Auto
823,R245,17.38,143.26,0,R0201_200_MINEFIELD_H01,Place,No,No,No,No,Layer 4,Not used,Auto,No,No,Auto
824,R246,17.38,144.62,0,R0201_200_MINEFIELD_H01,Place,No,No,No,No,Layer 4,Not used,Auto,No,No,Auto
825,R247,17.71,142.27,180,R01005_MINEFIELD_H01,Place,No,No,No,No,Layer 4,Not used,Auto,No,No,Auto
826,R248,17.71,143.63,180,R01005_MINEFIELD_H01,Place,No,No,No,No,Layer 4,Not used,Auto,No,No,Auto
827,R249,17.71,145,180,R01005_MINEFIELD_H01,Place,No,No,No,No,Layer 4,Not used,Auto,No,No,Auto
828,R250,17.57,137.49,270,R0402_250_Minefield_H01,Place,No,No,No,No,Layer 4,Not used,Auto,No,No,Auto
829,R251,17.57,138.92,270,R0402_250_Minefield_H01,Place,No,No,No,No,Layer 4,Not used,Auto,No,No,Auto
830,R252,17.57,140.35,270,R0402_250_Minefield_H01,Place,No,No,No,No,Layer 4,Not used,Auto,No,No,Auto
831,R253,19.5,165,45,R0805_500_H01,Place,No,No,No,No,Layer 4,Not used,Auto,No,No,Auto
832,R254,18.89,77.15,0,R0402_250_H01,Place,No,No,No,No,Layer 4,Not used,Auto,No,No,Auto
833,R255,21,163.5,45,R0805_500_H01,Place,No,No,No,No,Layer 4,Not used,Auto,No,No,Auto
834,R256,21.33,103.92,0,MELF_0805_900_H01,Place,No,No,No,No,Layer 4,Not used,Auto,No,No,Auto
835,R257,21.59,107.02,0,MELF_0805_900_H01,Place,No,No,No,No,Layer 4,Not used,Auto,No,No,Auto
836,R258,21.84,109.61,0,MELF_0805_900_H01,Place,No,No,No,No,Layer 4,Not used,Auto,No,No,Auto
837,R259,21.18,77.15,0,R0402_250_H01,Place,No,No,No,No,Layer 4,Not used,Auto,No,No,Auto
838,R260,22.09,111.69,0,MELF_0805_900_H01,Place,No,No,No,No,Layer 4,Not used,Auto,No,No,Auto
839,R261,22.5,162,45,R0805_500_H01,Place,No,No,No,No,Layer 4,Not used,Auto,No,No,Auto
840,R262,24,160.5,45,R0805_500_H01,Place,No,No,No,No,Layer 4,Not used,Auto,No,No,Auto
841,R263,23.47,77.15,0,R0402_250_H01,Place,No,No,No,No,Layer 4,Not used,Auto,No,No,Auto
842,R264,25.55,103.92,0,MELF_0805_900_H01,Place,No,No,No,No,Layer 4,Not used,Auto,No,No,Auto
843,R265,25.55,107.02,0,MELF_0805_900_H01,Place,No,No,No,No,Layer 4,Not used,Auto,No,No,Auto
844,R266,25.55,109.61,0,MELF_0805_900_H01,Place,No,No,No,No,Layer 4,Not used,Auto,No,No,Auto
845,R267,25.55,111.69,0,MELF_0805_900_H01,Place,No,No,No,No,Layer 4,Not used,Auto,No,No,Auto
846,R268,27,140.52,0,MELF_0402_H01,Place,No,No,No,No,Layer 4,Not used,Auto,No,No,Auto
847,R269,27,144.15,0,MELF_0402_H01,Place,No,No,No,No,Layer 4,Not used,Auto,No,No,Auto
848,R270,27,147.27,0,MELF_0402_H01,Place,No,No,No,No,Layer 4,Not used,Auto,No,No,Auto
849,R271,27,149.89,0,MELF_0402_H01,Place,No,No,No,No,Layer 4,Not used,Auto,No,No,Auto
850,R272,27,152,0,MELF_0402_H01,Place,No,No,No,No,Layer 4,Not used,Auto,No,No,Auto
851,R273,28.82,104.1,90,MELF_0805_900_H01,Place,No,No,No,No,Layer 4,Not used,Auto,No,No,Auto
852,R274,28.82,108.06,90,MELF_0805_900_H01,Place,No,No,No,No,Layer 4,Not used,Auto,No,No,Auto
853,R275,28.82,111.51,90,MELF_0805_900_H01,Place,No,No,No,No,Layer 4,Not used,Auto,No,No,Auto
854,R276,31.6,140.52,180,MELF_0402_H01,Place,No,No,No,No,Layer 4,Not used,Auto,No,No,Auto
855,R277,31.6,144.15,180,MELF_0402_H01,Place,No,No,No,No,Layer 4,Not used,Auto,No,No,Auto
856,R278,31.6,147.27,180,MELF_0402_H01,Place,No,No,No,No,Layer 4,Not used,Auto,No,No,Auto
857,R279,31.6,149.89,180,MELF_0402_H01,Place,No,No,No,No,Layer 4,Not used,Auto,No,No,Auto
858,R280,31.6,152,180,MELF_0402_H01,Place,No,No,No,No,Layer 4,Not used,Auto,No,No,Auto
859,R281,33.78,79.82,0,R0201_200_H01,Place,No,No,No,No,Layer 4,Not used,Auto,No,No,Auto
860,R282,36.72,140.52,180,MELF_0402_H01,Place,No,No,No,No,Layer 4,Not used,Auto,No,No,Auto
861,R283,36.72,144.15,180,MELF_0402_H01,Place,No,No,No,No,Layer 4,Not used,Auto,No,No,Auto
862,R284,36.72,147.27,180,MELF_0402_H01,Place,No,No,No,No,Layer 4,Not used,Auto,No,No,Auto
863,R285,36.72,149.89,180,MELF_0402_H01,Place,No,No,No,No,Layer 4,Not used,Auto,No,No,Auto
864,R286,36.72,152,180,MELF_0402_H01,Place,No,No,No,No,Layer 4,Not used,Auto,No,No,Auto
865,R287,36.06,79.82,0,R0201_200_H01,Place,No,No,No,No,Layer 4,Not used,Auto,No,No,Auto
866,R288,38.35,79.82,0,R0201_200_H01,Place,No,No,No,No,Layer 4,Not used,Auto,No,No,Auto
867,R289,40.59,139.81,270,MELF_0402_H01,Place,No,No,No,No,Layer 4,Not used,Auto,No,No,Auto
868,R290,40.59,145.43,270,MELF_0402_H01,Place,No,No,No,No,Layer 4,Not used,Auto,No,No,Auto
869,R291,40.59,150.55,270,MELF_0402_H01,Place,No,No,No,No,Layer 4,Not used,Auto,No,No,Auto
870,R292,40.64,79.82,0,R0201_200_H01,Place,No,No,No,No,Layer 4,Not used,Auto,No,No,Auto
871,R293,42.92,79.82,0,R0201_200_H01,Place,No,No,No,No,Layer 4,Not used,Auto,No,No,Auto
872,R294,45.21,79.82,0,R0201_200_H01,Place,No,No,No,No,Layer 4,Not used,Auto,No,No,Auto
873,R295,45.79,142.31,270,R0201_200_H01,Place,No,No,No,No,Layer 4,Not used,Auto,No,No,Auto
874,R296,45.79,144.34,270,R0201_200_H01,Place,No,No,No,No,Layer 4,Not used,Auto,No,No,Auto
875,R297,45.79,146.37,270,R0201_200_H01,Place,No,No,No,No,Layer 4,Not used,Auto,No,No,Auto
876,R298,45.79,148.4,270,R0201_200_H01,Place,No,No,No,No,Layer 4,Not used,Auto,No,No,Auto
877,R299,45.79,150.43,270,R0201_200_H01,Place,No,No,No,No,Layer 4,Not used,Auto,No,No,Auto
878,R300,45.79,152.47,270,R0201_200_H01,Place,No,No,No,No,Layer 4,Not used,Auto,No,No,Auto
879,R301,45.79,154.5,270,R0201_200_H01,Place,No,No,No,No,Layer 4,Not used,Auto,No,No,Auto
880,R302,45.79,156.53,270,R0201_200_H01,Place,No,No,No,No,Layer 4,Not used,Auto,No,No,Auto
881,R303,45.79,158.56,270,R0201_200_H01,Place,No,No,No,No,Layer 4,Not used,Auto,No,No,Auto
882,R304,45.79,160.59,270,R0201_200_H01,Place,No,No,No,No,Layer 4,Not used,Auto,No,No,Auto
883,R305,45.79,162.63,270,R0201_200_H01,Place,No,No,No,No,Layer 4,Not used,Auto,No,No,Auto
884,R306,45.79,164.66,270,R0201_200_H01,Place,No,No,No,No,Layer 4,Not used,Auto,No,No,Auto
885,R307,46.69,141.05,0,R0201_200_H01,Place,No,No,No,No,Layer 4,Not used,Auto,No,No,Auto
886,R308,46.69,165.94,0,R0201_200_H01,Place,No,No,No,No,Layer 4,Not used,Auto,No,No,Auto
887,R309,47.49,79.82,0,R0201_200_H01,Place,No,No,No,No,Layer 4,Not used,Auto,No,No,Auto
888,R310,48.72,141.05,0,R0201_200_H01,Place,No,No,No,No,Layer 4,Not used,Auto,No,No,Auto
889,R311,48.72,165.94,0,R0201_200_H01,Place,No,No,No,No,Layer 4,Not used,Auto,No,No,Auto
890,R312,50.75,141.05,0,R0201_200_H01,Place,No,No,No,No,Layer 4,Not used,Auto,No,No,Auto
891,R313,50.75,165.94,0,R0201_200_H01,Place,No,No,No,No,Layer 4,Not used,Auto,No,No,Auto
892,R314,52.78,141.05,0,R0201_200_H01,Place,No,No,No,No,Layer 4,Not used,Auto,No,No,Auto
893,R315,52.78,165.94,0,R0201_200_H01,Place,No,No,No,No,Layer 4,Not used,Auto,No,No,Auto
894,R316,54.82,141.05,0,R0201_200_H01,Place,No,No,No,No,Layer 4,Not used,Auto,No,No,Auto
895,R317,54.82,165.94,0,R0201_200_H01,Place,No,No,No,No,Layer 4,Not used,Auto,No,No,Auto
896,R318,56.85,141.05,0,R0201_200_H01,Place,No,No,No,No,Layer 4,Not used,Auto,No,No,Auto
897,R319,56.85,165.94,0,R0201_200_H01,Place,No,No,No,No,Layer 4,Not used,Auto,No,No,Auto
898,R320,58.88,141.05,0,R0201_200_H01,Place,No,No,No,No,Layer 4,Not used,Auto,No,No,Auto
899,R321,58.88,165.94,0,R0201_200_H01,Place,No,No,No,No,Layer 4,Not used,Auto,No,No,Auto
900,R322,60.91,141.05,0,R0201_200_H01,Place,No,No,No,No,Layer 4,Not used,Auto,No,No,Auto
901,R323,60.91,165.94,0,R0201_200_H01,Place,No,No,No,No,Layer 4,Not used,Auto,No,No,Auto
902,R324,62.94,141.05,0,R0201_200_H01,Place,No,No,No,No,Layer 4,Not used,Auto,No,No,Auto
903,R325,62.94,165.94,0,R0201_200_H01,Place,No,No,No,No,Layer 4,Not used,Auto,No,No,Auto
904,R326,64.98,141.05,0,R0201_200_H01,Place,No,No,No,No,Layer 4,Not used,Auto,No,No,Auto
905,R327,64.98,165.94,0,R0201_200_H01,Place,No,No,No,No,Layer 4,Not used,Auto,No,No,Auto
906,R328,67.01,141.05,0,R0201_200_H01,Place,No,No,No,No,Layer 4,Not used,Auto,No,No,Auto
907,R329,67.01,165.94,0,R0201_200_H01,Place,No,No,No,No,Layer 4,Not used,Auto,No,No,Auto
908,R330,69.04,141.05,0,R0201_200_H01,Place,No,No,No,No,Layer 4,Not used,Auto,No,No,Auto
909,R331,69.04,165.94,0,R0201_200_H01,Place,No,No,No,No,Layer 4,Not used,Auto,No,No,Auto
910,R332,69.83,142.34,90,R0201_200_H01,Place,No,No,No,No,Layer 4,Not used,Auto,No,No,Auto
911,R333,69.83,144.38,90,R0201_200_H01,Place,No,No,No,No,Layer 4,Not used,Auto,No,No,Auto
912,R334,69.83,146.41,90,R0201_200_H01,Place,No,No,No,No,Layer 4,Not used,Auto,No,No,Auto
913,R335,69.83,148.44,90,R0201_200_H01,Place,No,No,No,No,Layer 4,Not used,Auto,No,No,Auto
914,R336,69.83,150.47,90,R0201_200_H01,Place,No,No,No,No,Layer 4,Not used,Auto,No,No,Auto
915,R337,69.83,152.5,90,R0201_200_H01,Place,No,No,No,No,Layer 4,Not used,Auto,No,No,Auto
916,R338,69.83,154.54,90,R0201_200_H01,Place,No,No,No,No,Layer 4,Not used,Auto,No,No,Auto
917,R339,69.83,156.57,90,R0201_200_H01,Place,No,No,No,No,Layer 4,Not used,Auto,No,No,Auto
918,R340,69.83,158.6,90,R0201_200_H01,Place,No,No,No,No,Layer 4,Not used,Auto,No,No,Auto
919,R341,69.83,160.63,90,R0201_200_H01,Place,No,No,No,No,Layer 4,Not used,Auto,No,No,Auto
920,R342,69.83,162.66,90,R0201_200_H01,Place,No,No,No,No,Layer 4,Not used,Auto,No,No,Auto
921,R343,69.83,164.7,90,R0201_200_H01,Place,No,No,No,No,Layer 4,Not used,Auto,No,No,Auto
922,R344,76.45,158.16,180,R0201_200_H01,Place,No,No,No,No,Layer 4,Not used,Auto,No,No,Auto
923,R345,78.45,158.16,180,R0201_200_H01,Place,No,No,No,No,Layer 4,Not used,Auto,No,No,Auto
924,R346,80.45,158.16,180,R0201_200_H01,Place,No,No,No,No,Layer 4,Not used,Auto,No,No,Auto
925,R347,82.45,158.16,180,R0201_200_H01,Place,No,No,No,No,Layer 4,Not used,Auto,No,No,Auto
926,R348,83.01,180.5,270,R01005_100_H01,Place,No,No,No,No,Layer 4,Not used,Auto,No,No,Auto
927,R349,83.01,181.62,270,R01005_100_H01,Place,No,No,No,No,Layer 4,Not used,Auto,No,No,Auto
928,R350,83.01,182.87,270,R01005_100_H01,Place,No,No,No,No,Layer 4,Not used,Auto,No,No,Auto
929,R351,83.01,184.36,270,R01005_100_H01,Place,No,No,No,No,Layer 4,Not used,Auto,No,No,Auto
930,R352,83.01,186.12,270,R01005_100_H01,Place,No,No,No,No,Layer 4,Not used,Auto,No,No,Auto
931,R353,84.28,179.82,180,R01005_100_H01,Place,No,No,No,No,Layer 4,Not used,Auto,No,No,Auto
932,R354,84.28,180.45,180,R01005_100_H01,Place,No,No,No,No,Layer 4,Not used,Auto,No,No,Auto
933,R355,84.28,181.21,180,R01005_100_H01,Place,No,No,No,No,Layer 4,Not used,Auto,No,No,Auto
934,R356,84.28,182.23,180,R01005_100_H01,Place,No,No,No,No,Layer 4,Not used,Auto,No,No,Auto
935,R357,84.28,183.5,180,R01005_100_H01,Place,No,No,No,No,Layer 4,Not used,Auto,No,No,Auto
936,R358,84.28,185.02,180,R01005_100_H01,Place,No,No,No,No,Layer 4,Not used,Auto,No,No,Auto
937,R359,84.28,186.8,180,R01005_100_H01,Place,No,No,No,No,Layer 4,Not used,Auto,No,No,Auto
938,R360,84.45,158.16,180,R0201_200_H01,Place,No,No,No,No,Layer 4,Not used,Auto,No,No,Auto
939,R361,85.4,179.82,180,R01005_100_H01,Place,No,No,No,No,Layer 4,Not used,Auto,No,No,Auto
940,R362,85.52,180.45,180,R01005_100_H01,Place,No,No,No,No,Layer 4,Not used,Auto,No,No,Auto
941,R363,85.78,181.21,180,R01005_100_H01,Place,No,No,No,No,Layer 4,Not used,Auto,No,No,Auto
942,R364,86.03,182.23,180,R01005_100_H01,Place,No,No,No,No,Layer 4,Not used,Auto,No,No,Auto
943,R365,86.28,183.5,180,R01005_100_H01,Place,No,No,No,No,Layer 4,Not used,Auto,No,No,Auto
944,R366,86.45,158.16,180,R0201_200_H01,Place,No,No,No,No,Layer 4,Not used,Auto,No,No,Auto
945,R367,86.54,185.02,180,R01005_100_H01,Place,No,No,No,No,Layer 4,Not used,Auto,No,No,Auto
946,R368,86.79,186.8,180,R01005_100_H01,Place,No,No,No,No,Layer 4,Not used,Auto,No,No,Auto
947,R369,89.89,180.2,90,R0201_200_H01,Place,No,No,No,No,Layer 4,Not used,Auto,No,No,Auto
948,R370,89.89,181.7,90,R0201_200_H01,Place,No,No,No,No,Layer 4,Not used,Auto,No,No,Auto
949,R371,89.89,183.32,90,R0201_200_H01,Place,No,No,No,No,Layer 4,Not used,Auto,No,No,Auto
950,R372,89.89,185.2,90,R0201_200_H01,Place,No,No,No,No,Layer 4,Not used,Auto,No,No,Auto
951,R373,89.89,187.34,90,R0201_200_H01,Place,No,No,No,No,Layer 4,Not used,Auto,No,No,Auto
952,R374,91.42,179.82,0,R0201_200_H01,Place,No,No,No,No,Layer 4,Not used,Auto,No,No,Auto
953,R375,91.42,180.6,0,R0201_200_H01,Place,No,No,No,No,Layer 4,Not used,Auto,No,No,Auto
954,R376,91.42,181.52,0,R0201_200_H01,Place,No,No,No,No,Layer 4,Not used,Auto,No,No,Auto
955,R377,91.42,182.69,0,R0201_200_H01,Place,No,No,No,No,Layer 4,Not used,Auto,No,No,Auto
956,R378,91.42,184.11,0,R0201_200_H01,Place,No,No,No,No,Layer 4,Not used,Auto,No,No,Auto
957,R379,91.42,185.79,0,R0201_200_H01,Place,No,No,No,No,Layer 4,Not used,Auto,No,No,Auto
958,R380,91.42,187.72,0,R0201_200_H01,Place,No,No,No,No,Layer 4,Not used,Auto,No,No,Auto
959,R381,92.91,179.82,0,R0201_200_H01,Place,No,No,No,No,Layer 4,Not used,Auto,No,No,Auto
960,R382,93.04,180.6,0,R0201_200_H01,Place,No,No,No,No,Layer 4,Not used,Auto,No,No,Auto
961,R383,93.3,181.52,0,R0201_200_H01,Place,No,No,No,No,Layer 4,Not used,Auto,No,No,Auto
962,R384,93.55,182.69,0,R0201_200_H01,Place,No,No,No,No,Layer 4,Not used,Auto,No,No,Auto
963,R385,93.8,184.11,0,R0201_200_H01,Place,No,No,No,No,Layer 4,Not used,Auto,No,No,Auto
964,R386,94.06,185.79,0,R0201_200_H01,Place,No,No,No,No,Layer 4,Not used,Auto,No,No,Auto
965,R387,94.31,187.72,0,R0201_200_H01,Place,No,No,No,No,Layer 4,Not used,Auto,No,No,Auto
966,R388,97.71,180.1,270,R0402_250_H01,Place,No,No,No,No,Layer 4,Not used,Auto,No,No,Auto
967,R389,97.71,181.95,270,R0402_250_H01,Place,No,No,No,No,Layer 4,Not used,Auto,No,No,Auto
968,R390,97.71,183.93,270,R0402_250_H01,Place,No,No,No,No,Layer 4,Not used,Auto,No,No,Auto
969,R391,97.71,186.17,270,R0402_250_H01,Place,No,No,No,No,Layer 4,Not used,Auto,No,No,Auto
970,R392,97.71,188.66,270,R0402_250_H01,Place,No,No,No,No,Layer 4,Not used,Auto,No,No,Auto
971,R393,99.52,179.82,180,R0402_250_H01,Place,No,No,No,No,Layer 4,Not used,Auto,No,No,Auto
972,R394,99.52,180.81,180,R0402_250_H01,Place,No,No,No,No,Layer 4,Not used,Auto,No,No,Auto
973,R395,99.52,181.93,180,R0402_250_H01,Place,No,No,No,No,Layer 4,Not used,Auto,No,No,Auto
974,R396,99.52,183.3,180,R0402_250_H01,Place,No,No,No,No,Layer 4,Not used,Auto,No,No,Auto
975,R397,99.52,184.92,180,R0402_250_H01,Place,No,No,No,No,Layer 4,Not used,Auto,No,No,Auto
976,R398,99.52,186.8,180,R0402_250_H01,Place,No,No,No,No,Layer 4,Not used,Auto,No,No,Auto
977,R399,99.52,188.94,180,R0402_250_H01,Place,No,No,No,No,Layer 4,Not used,Auto,No,No,Auto
978,R400,101.37,179.82,180,R0402_250_H01,Place,No,No,No,No,Layer 4,Not used,Auto,No,No,Auto
979,R401,101.5,180.81,180,R0402_250_H01,Place,No,No,No,No,Layer 4,Not used,Auto,No,No,Auto
980,R402,101.75,181.93,180,R0402_250_H01,Place,No,No,No,No,Layer 4,Not used,Auto,No,No,Auto
981,R403,102.01,183.3,180,R0402_250_H01,Place,No,No,No,No,Layer 4,Not used,Auto,No,No,Auto
982,R404,102.26,184.92,180,R0402_250_H01,Place,No,No,No,No,Layer 4,Not used,Auto,No,No,Auto
983,R405,102.52,186.8,180,R0402_250_H01,Place,No,No,No,No,Layer 4,Not used,Auto,No,No,Auto
984,R406,102.77,188.94,180,R0402_250_H01,Place,No,No,No,No,Layer 4,Not used,Auto,No,No,Auto
985,R407,106.53,179.94,90,R0603_400_H01,Place,No,No,No,No,Layer 4,Not used,Auto,No,No,Auto
986,R408,106.53,182.41,90,R0603_400_H01,Place,No,No,No,No,Layer 4,Not used,Auto,No,No,Auto
987,R409,106.53,185,90,R0603_400_H01,Place,No,No,No,No,Layer 4,Not used,Auto,No,No,Auto
988,R410,106.53,187.84,90,R0603_400_H01,Place,No,No,No,No,Layer 4,Not used,Auto,No,No,Auto
989,R411,106.53,190.94,90,R0603_400_H01,Place,No,No,No,No,Layer 4,Not used,Auto,No,No,Auto
990,R412,108.81,179.82,0,R0603_400_H01,Place,No,No,No,No,Layer 4,Not used,Auto,No,No,Auto
991,R413,108.81,181.16,0,R0603_400_H01,Place,No,No,No,No,Layer 4,Not used,Auto,No,No,Auto
992,R414,108.81,182.64,0,R0603_400_H01,Place,No,No,No,No,Layer 4,Not used,Auto,No,No,Auto
993,R415,108.81,184.36,0,R0603_400_H01,Place,No,No,No,No,Layer 4,Not used,Auto,No,No,Auto
994,R416,108.81,186.34,0,R0603_400_H01,Place,No,No,No,No,Layer 4,Not used,Auto,No,No,Auto
995,R417,108.81,188.58,0,R0603_400_H01,Place,No,No,No,No,Layer 4,Not used,Auto,No,No,Auto
996,R418,108.81,191.07,0,R0603_400_H01,Place,No,No,No,No,Layer 4,Not used,Auto,No,No,Auto
997,R419,111.28,179.82,0,R0603_400_H01,Place,No,No,No,No,Layer 4,Not used,Auto,No,No,Auto
998,R420,111.41,181.16,0,R0603_400_H01,Place,No,No,No,No,Layer 4,Not used,Auto,No,No,Auto
999,R421,111.66,182.64,0,R0603_400_H01,Place,No,No,No,No,Layer 4,Not used,Auto,No,No,Auto
1000,R422,111.91,184.36,0,R0603_400_H01,Place,No,No,No,No,Layer 4,Not used,Auto,No,No,Auto
1001,R423,112.17,186.34,0,R0603_400_H01,Place,No,No,No,No,Layer 4,Not used,Auto,No,No,Auto
1002,R424,112.42,188.58,0,R0603_400_H01,Place,No,No,No,No,Layer 4,Not used,Auto,No,No,Auto
1003,R425,112.68,191.07,0,R0603_400_H01,Place,No,No,No,No,Layer 4,Not used,Auto,No,No,Auto
1004,R426,113.2,153.08,90,R01005_100_H01,Place,No,No,No,No,Layer 4,Not used,Auto,No,No,Auto
1005,R427,113.2,154.2,90,R01005_100_H01,Place,No,No,No,No,Layer 4,Not used,Auto,No,No,Auto
1006,R428,113.89,155.47,180,R01005_100_H01,Place,No,No,No,No,Layer 4,Not used,Auto,No,No,Auto
1007,R429,113.84,152.95,90,R01005_100_H01,Place,No,No,No,No,Layer 4,Not used,Auto,No,No,Auto
1008,R430,113.84,154.2,90,R01005_100_H01,Place,No,No,No,No,Layer 4,Not used,Auto,No,No,Auto
1009,R431,114.6,152.7,90,R01005_100_H01,Place,No,No,No,No,Layer 4,Not used,Auto,No,No,Auto
1010,R432,114.6,154.2,90,R01005_100_H01,Place,No,No,No,No,Layer 4,Not used,Auto,No,No,Auto
1011,R433,115.01,155.47,180,R01005_100_H01,Place,No,No,No,No,Layer 4,Not used,Auto,No,No,Auto
1012,R434,115.62,152.44,90,R01005_100_H01,Place,No,No,No,No,Layer 4,Not used,Auto,No,No,Auto
1013,R435,115.62,154.2,90,R01005_100_H01,Place,No,No,No,No,Layer 4,Not used,Auto,No,No,Auto
1014,R436,116.25,155.47,180,R01005_100_H01,Place,No,No,No,No,Layer 4,Not used,Auto,No,No,Auto
1015,R437,116.97,179.79,270,R0805_500_H01,Place,No,No,No,No,Layer 4,Not used,Auto,No,No,Auto
1016,R438,116.97,183.02,270,R0805_500_H01,Place,No,No,No,No,Layer 4,Not used,Auto,No,No,Auto
1017,R439,116.97,186.37,270,R0805_500_H01,Place,No,No,No,No,Layer 4,Not used,Auto,No,No,Auto
1018,R440,116.97,189.98,270,R0805_500_H01,Place,No,No,No,No,Layer 4,Not used,Auto,No,No,Auto
1019,R441,116.97,193.84,270,R0805_500_H01,Place,No,No,No,No,Layer 4,Not used,Auto,No,No,Auto
1020,R442,116.89,152.19,90,R01005_100_H01,Place,No,No,No,No,Layer 4,Not used,Auto,No,No,Auto
1021,R443,116.89,154.2,90,R01005_100_H01,Place,No,No,No,No,Layer 4,Not used,Auto,No,No,Auto
1022,R444,117.75,155.47,180,R01005_100_H01,Place,No,No,No,No,Layer 4,Not used,Auto,No,No,Auto
1023,R445,118.41,151.93,90,R01005_100_H01,Place,No,No,No,No,Layer 4,Not used,Auto,No,No,Auto
1024,R446,118.41,154.2,90,R01005_100_H01,Place,No,No,No,No,Layer 4,Not used,Auto,No,No,Auto
1025,R447,119.86,179.82,180,R0805_500_H01,Place,No,No,No,No,Layer 4,Not used,Auto,No,No,Auto
1026,R448,119.86,181.62,180,R0805_500_H01,Place,No,No,No,No,Layer 4,Not used,Auto,No,No,Auto
1027,R449,119.86,183.55,180,R0805_500_H01,Place,No,No,No,No,Layer 4,Not used,Auto,No,No,Auto
1028,R450,119.86,185.74,180,R0805_500_H01,Place,No,No,No,No,Layer 4,Not used,Auto,No,No,Auto
1029,R451,119.86,188.17,180,R0805_500_H01,Place,No,No,No,No,Layer 4,Not used,Auto,No,No,Auto
1030,R452,119.86,190.87,180,R0805_500_H01,Place,No,No,No,No,Layer 4,Not used,Auto,No,No,Auto
1031,R453,119.86,193.81,180,R0805_500_H01,Place,No,No,No,No,Layer 4,Not used,Auto,No,No,Auto
1032,R454,119.5,155.47,180,R01005_100_H01,Place,No,No,No,No,Layer 4,Not used,Auto,No,No,Auto
1033,R455,120.19,151.68,90,R01005_100_H01,Place,No,No,No,No,Layer 4,Not used,Auto,No,No,Auto
1034,R456,120.19,154.2,90,R01005_100_H01,Place,No,No,No,No,Layer 4,Not used,Auto,No,No,Auto
1035,R457,123.09,179.82,180,R0805_500_H01,Place,No,No,No,No,Layer 4,Not used,Auto,No,No,Auto
1036,R458,123.22,181.62,180,R0805_500_H01,Place,No,No,No,No,Layer 4,Not used,Auto,No,No,Auto
1037,R459,123.47,183.55,180,R0805_500_H01,Place,No,No,No,No,Layer 4,Not used,Auto,No,No,Auto
1038,R460,123.72,185.74,180,R0805_500_H01,Place,No,No,No,No,Layer 4,Not used,Auto,No,No,Auto
1039,R461,123.98,188.17,180,R0805_500_H01,Place,No,No,No,No,Layer 4,Not used,Auto,No,No,Auto
1040,R462,124.23,190.87,180,R0805_500_H01,Place,No,No,No,No,Layer 4,Not used,Auto,No,No,Auto
1041,R463,124.49,193.81,180,R0805_500_H01,Place,No,No,No,No,Layer 4,Not used,Auto,No,No,Auto
1042,R464,129.31,180.81,90,R1206_H01,Place,No,No,No,No,Layer 4,Not used,Auto,No,No,Auto
1043,R465,129.31,185.25,90,R1206_H01,Place,No,No,No,No,Layer 4,Not used,Auto,No,No,Auto
1044,R466,129.31,189.82,90,R1206_H01,Place,No,No,No,No,Layer 4,Not used,Auto,No,No,Auto
1045,R467,129.31,194.65,90,R1206_H01,Place,No,No,No,No,Layer 4,Not used,Auto,No,No,Auto
1046,R468,132.97,179.82,0,R1206_H01,Place,No,No,No,No,Layer 4,Not used,Auto,No,No,Auto
1047,R469,132.97,181.93,0,R1206_H01,Place,No,No,No,No,Layer 4,Not used,Auto,No,No,Auto
1048,R470,132.97,184.16,0,R1206_H01,Place,No,No,No,No,Layer 4,Not used,Auto,No,No,Auto
1049,R471,132.97,186.65,0,R1206_H01,Place,No,No,No,No,Layer 4,Not used,Auto,No,No,Auto
1050,R472,132.97,189.39,0,R1206_H01,Place,No,No,No,No,Layer 4,Not used,Auto,No,No,Auto
1051,R473,132.97,192.39,0,R1206_H01,Place,No,No,No,No,Layer 4,Not used,Auto,No,No,Auto
1052,R474,132.97,195.64,0,R1206_H01,Place,No,No,No,No,Layer 4,Not used,Auto,No,No,Auto
1053,R475,137.41,179.82,0,R1206_H01,Place,No,No,No,No,Layer 4,Not used,Auto,No,No,Auto
1054,R476,137.54,181.93,0,R1206_H01,Place,No,No,No,No,Layer 4,Not used,Auto,No,No,Auto
1055,R477,137.8,184.16,0,R1206_H01,Place,No,No,No,No,Layer 4,Not used,Auto,No,No,Auto
1056,R478,138.05,186.65,0,R1206_H01,Place,No,No,No,No,Layer 4,Not used,Auto,No,No,Auto
1057,R479,138.3,189.39,0,R1206_H01,Place,No,No,No,No,Layer 4,Not used,Auto,No,No,Auto
1058,R480,138.56,192.39,0,R1206_H01,Place,No,No,No,No,Layer 4,Not used,Auto,No,No,Auto
1059,R481,138.81,195.64,0,R1206_H01,Place,No,No,No,No,Layer 4,Not used,Auto,No,No,Auto
1060,R482,166,180,0,R0805_500_H01,Place,No,No,No,No,Layer 4,Not used,Auto,No,No,Auto
1061,R483,166.23,177.4,10,R0805_500_H01,Place,No,No,No,No,Layer 4,Not used,Auto,No,No,Auto
1062,R484,166.23,182.61,350,R0805_500_H01,Place,No,No,No,No,Layer 4,Not used,Auto,No,No,Auto
1063,R485,166.9,174.87,20,R0805_500_H01,Place,No,No,No,No,Layer 4,Not used,Auto,No,No,Auto
1064,R486,166.9,185.13,340,R0805_500_H01,Place,No,No,No,No,Layer 4,Not used,Auto,No,No,Auto
1065,R487,168.01,172.5,30,R0805_500_H01,Place,No,No,No,No,Layer 4,Not used,Auto,No,No,Auto
1066,R488,168.01,187.5,330,R0805_500_H01,Place,No,No,No,No,Layer 4,Not used,Auto,No,No,Auto
1067,R489,169.51,170.36,40,R0805_500_H01,Place,No,No,No,No,Layer 4,Not used,Auto,No,No,Auto
1068,R490,169.51,189.65,320,R0805_500_H01,Place,No,No,No,No,Layer 4,Not used,Auto,No,No,Auto
1069,R491,170.5,180,180,R0603_400_H01,Place,No,No,No,No,Layer 4,Not used,Auto,No,No,Auto
1070,R492,170.66,181.83,170,R0603_400_H01,Place,No,No,No,No,Layer 4,Not used,Auto,No,No,Auto
1071,R493,170.66,178.18,190,R0603_400_H01,Place,No,No,No,No,Layer 4,Not used,Auto,No,No,Auto
1072,R494,171.36,168.51,50,R0805_500_H01,Place,No,No,No,No,Layer 4,Not used,Auto,No,No,Auto
1073,R495,171.36,191.5,310,R0805_500_H01,Place,No,No,No,No,Layer 4,Not used,Auto,No,No,Auto
1074,R496,171.13,176.41,200,R0603_400_H01,Place,No,No,No,No,Layer 4,Not used,Auto,No,No,Auto
1075,R497,171.13,183.6,160,R0603_400_H01,Place,No,No,No,No,Layer 4,Not used,Auto,No,No,Auto
1076,R498,171.91,174.75,210,R0603_400_H01,Place,No,No,No,No,Layer 4,Not used,Auto,No,No,Auto
1077,R499,171.91,185.25,150,R0603_400_H01,Place,No,No,No,No,Layer 4,Not used,Auto,No,No,Auto
1078,R500,172.96,186.75,140,R0603_400_H01,Place,No,No,No,No,Layer 4,Not used,Auto,No,No,Auto
1079,R501,172.96,173.26,220,R0603_400_H01,Place,No,No,No,No,Layer 4,Not used,Auto,No,No,Auto
1080,R502,173.5,167.01,60,R0805_500_H01,Place,No,No,No,No,Layer 4,Not used,Auto,No,No,Auto
1081,R503,173.5,192.99,300,R0805_500_H01,Place,No,No,No,No,Layer 4,Not used,Auto,No,No,Auto
1082,R504,174.25,171.96,230,R0603_400_H01,Place,No,No,No,No,Layer 4,Not used,Auto,No,No,Auto
1083,R505,174.25,188.05,130,R0603_400_H01,Place,No,No,No,No,Layer 4,Not used,Auto,No,No,Auto
1084,R506,174,180,0,R0402_250_H01,Place,No,No,No,No,Layer 4,Not used,Auto,No,No,Auto
1085,R507,174.11,178.79,10,R0402_250_H01,Place,No,No,No,No,Layer 4,Not used,Auto,No,No,Auto
1086,R508,174.11,181.22,350,R0402_250_H01,Place,No,No,No,No,Layer 4,Not used,Auto,No,No,Auto
1087,R509,174.42,177.61,20,R0402_250_H01,Place,No,No,No,No,Layer 4,Not used,Auto,No,No,Auto
1088,R510,174.42,182.4,340,R0402_250_H01,Place,No,No,No,No,Layer 4,Not used,Auto,No,No,Auto
1089,R511,174.94,176.5,30,R0402_250_H01,Place,No,No,No,No,Layer 4,Not used,Auto,No,No,Auto
1090,R512,174.94,183.5,330,R0402_250_H01,Place,No,No,No,No,Layer 4,Not used,Auto,No,No,Auto
1091,R513,175.87,165.91,70,R0805_500_H01,Place,No,No,No,No,Layer 4,Not used,Auto,No,No,Auto
1092,R514,175.87,194.1,290,R0805_500_H01,Place,No,No,No,No,Layer 4,Not used,Auto,No,No,Auto
1093,R515,175.75,189.1,120,R0603_400_H01,Place,No,No,No,No,Layer 4,Not used,Auto,No,No,Auto
1094,R516,175.75,170.91,240,R0603_400_H01,Place,No,No,No,No,Layer 4,Not used,Auto,No,No,Auto
1095,R517,175.64,175.5,40,R0402_250_H01,Place,No,No,No,No,Layer 4,Not used,Auto,No,No,Auto
1096,R518,175.64,184.5,320,R0402_250_H01,Place,No,No,No,No,Layer 4,Not used,Auto,No,No,Auto
1097,R519,176.5,174.64,50,R0402_250_H01,Place,No,No,No,No,Layer 4,Not used,Auto,No,No,Auto
1098,R520,176.5,185.37,310,R0402_250_H01,Place,No,No,No,No,Layer 4,Not used,Auto,No,No,Auto
1099,R521,176.5,180,180,R0201_200_H01,Place,No,No,No,No,Layer 4,Not used,Auto,No,No,Auto
1100,R522,176.57,179.22,190,R0201_200_H01,Place,No,No,No,No,Layer 4,Not used,Auto,No,No,Auto
1101,R523,176.57,180.79,170,R0201_200_H01,Place,No,No,No,No,Layer 4,Not used,Auto,No,No,Auto
1102,R524,176.77,178.47,200,R0201_200_H01,Place,No,No,No,No,Layer 4,Not used,Auto,No,No,Auto
1103,R525,176.77,181.54,160,R0201_200_H01,Place,No,No,No,No,Layer 4,Not used,Auto,No,No,Auto
1104,R526,177.41,189.87,110,R0603_400_H01,Place,No,No,No,No,Layer 4,Not used,Auto,No,No,Auto
1105,R527,177.41,170.14,250,R0603_400_H01,Place,No,No,No,No,Layer 4,Not used,Auto,No,No,Auto
1106,R528,177.1,177.75,210,R0201_200_H01,Place,No,No,No,No,Layer 4,Not used,Auto,No,No,Auto
1107,R529,177.1,182.25,150,R0201_200_H01,Place,No,No,No,No,Layer 4,Not used,Auto,No,No,Auto
1108,R530,177.5,173.94,60,R0402_250_H01,Place,No,No,No,No,Layer 4,Not used,Auto,No,No,Auto
1109,R531,177.5,186.07,300,R0402_250_H01,Place,No,No,No,No,Layer 4,Not used,Auto,No,No,Auto
1110,R532,177.55,177.11,220,R0201_200_H01,Place,No,No,No,No,Layer 4,Not used,Auto,No,No,Auto
1111,R533,177.55,182.9,140,R0201_200_H01,Place,No,No,No,No,Layer 4,Not used,Auto,No,No,Auto
1112,R534,178.4,165.23,80,R0805_500_H01,Place,No,No,No,No,Layer 4,Not used,Auto,No,No,Auto
1113,R535,178.4,194.78,280,R0805_500_H01,Place,No,No,No,No,Layer 4,Not used,Auto,No,No,Auto
1114,R536,178.11,176.56,230,R0201_200_H01,Place,No,No,No,No,Layer 4,Not used,Auto,No,No,Auto
1115,R537,178.11,183.45,130,R0201_200_H01,Place,No,No,No,No,Layer 4,Not used,Auto,No,No,Auto
1116,R538,178,180,0,R01005_100_H01,Place,No,No,No,No,Layer 4,Not used,Auto,No,No,Auto
1117,R539,178.05,179.48,10,R01005_100_H01,Place,No,No,No,No,Layer 4,Not used,Auto,No,No,Auto
1118,R540,178.05,180.53,350,R01005_100_H01,Place,No,No,No,No,Layer 4,Not used,Auto,No,No,Auto
1119,R541,178.18,178.98,20,R01005_100_H01,Place,No,No,No,No,Layer 4,Not used,Auto,No,No,Auto
1120,R542,178.18,181.03,340,R01005_100_H01,Place,No,No,No,No,Layer 4,Not used,Auto,No,No,Auto
1121,R543,178.4,178.5,30,R01005_100_H01,Place,No,No,No,No,Layer 4,Not used,Auto,No,No,Auto
1122,R544,178.4,181.5,330,R01005_100_H01,Place,No,No,No,No,Layer 4,Not used,Auto,No,No,Auto
1123,R545,178.61,173.43,70,R0402_250_H01,Place,No,No,No,No,Layer 4,Not used,Auto,No,No,Auto
1124,R546,178.61,186.58,290,R0402_250_H01,Place,No,No,No,No,Layer 4,Not used,Auto,No,No,Auto
1125,R547,178.7,178.08,40,R01005_100_H01,Place,No,No,No,No,Layer 4,Not used,Auto,No,No,Auto
1126,R548,178.7,181.93,320,R01005_100_H01,Place,No,No,No,No,Layer 4,Not used,Auto,No,No,Auto
1127,R549,178.75,176.11,240,R0201_200_H01,Place,No,No,No,No,Layer 4,Not used,Auto,No,No,Auto
1128,R550,178.75,183.9,120,R0201_200_H01,Place,No,No,No,No,Layer 4,Not used,Auto,No,No,Auto
1129,R551,179.18,190.34,100,R0603_400_H01,Place,No,No,No,No,Layer 4,Not used,Auto,No,No,Auto
1130,R552,179.18,169.66,260,R0603_400_H01,Place,No,No,No,No,Layer 4,Not used,Auto,No,No,Auto
1131,R553,179.07,177.71,50,R01005_100_H01,Place,No,No,No,No,Layer 4,Not used,Auto,No,No,Auto
1132,R554,179.07,182.3,310,R01005_100_H01,Place,No,No,No,No,Layer 4,Not used,Auto,No,No,Auto
1133,R555,179.46,175.78,250,R0201_200_H01,Place,No,No,No,No,Layer 4,Not used,Auto,No,No,Auto
1134,R556,179.46,184.23,110,R0201_200_H01,Place,No,No,No,No,Layer 4,Not used,Auto,No,No,Auto
1135,R557,179.5,177.41,60,R01005_100_H01,Place,No,No,No,No,Layer 4,Not used,Auto,No,No,Auto
1136,R558,179.5,182.6,300,R01005_100_H01,Place,No,No,No,No,Layer 4,Not used,Auto,No,No,Auto
1137,R559,179.78,173.11,80,R0402_250_H01,Place,No,No,No,No,Layer 4,Not used,Auto,No,No,Auto
1138,R560,179.78,186.9,280,R0402_250_H01,Place,No,No,No,No,Layer 4,Not used,Auto,No,No,Auto
1139,R561,180,143,0,R0201_200_H01,Place,No,No,No,No,Layer 4,Not used,Auto,No,No,Auto
1140,R562,179.97,177.19,70,R01005_100_H01,Place,No,No,No,No,Layer 4,Not used,Auto,No,No,Auto
1141,R563,179.97,182.82,290,R01005_100_H01,Place,No,No,No,No,Layer 4,Not used,Auto,No,No,Auto
1142,R564,180.22,175.57,260,R0201_200_H01,Place,No,No,No,No,Layer 4,Not used,Auto,No,No,Auto
1143,R565,180.22,184.44,100,R0201_200_H01,Place,No,No,No,No,Layer 4,Not used,Auto,No,No,Auto
1144,R566,181,165,90,R0805_500_H01,Place,No,No,No,No,Layer 4,Not used,Auto,No,No,Auto
1145,R567,181,195,270,R0805_500_H01,Place,No,No,No,No,Layer 4,Not used,Auto,No,No,Auto
1146,R568,180.48,177.05,80,R01005_100_H01,Place,No,No,No,No,Layer 4,Not used,Auto,No,No,Auto
1147,R569,180.48,182.96,280,R01005_100_H01,Place,No,No,No,No,Layer 4,Not used,Auto,No,No,Auto
1148,R570,181,190.5,90,R0603_400_H01,Place,No,No,No,No,Layer 4,Not used,Auto,No,No,Auto
1149,R571,181,169.5,270,R0603_400_H01,Place,No,No,No,No,Layer 4,Not used,Auto,No,No,Auto
1150,R572,181,173,90,R0402_250_H01,Place,No,No,No,No,Layer 4,Not used,Auto,No,No,Auto
1151,R573,181,187,270,R0402_250_H01,Place,No,No,No,No,Layer 4,Not used,Auto,No,No,Auto
1152,R574,181,175.5,270,R0201_200_H01,Place,No,No,No,No,Layer 4,Not used,Auto,No,No,Auto
1153,R575,181,184.5,90,R0201_200_H01,Place,No,No,No,No,Layer 4,Not used,Auto,No,No,Auto
1154,R576,181,177,90,R01005_100_H01,Place,No,No,No,No,Layer 4,Not used,Auto,No,No,Auto
1155,R577,181,183,270,R01005_100_H01,Place,No,No,No,No,Layer 4,Not used,Auto,No,No,Auto
1156,R578,181.5,143,0,R0201_200_H01,Place,No,No,No,No,Layer 4,Not used,Auto,No,No,Auto
1157,R579,181.52,177.05,100,R01005_100_H01,Place,No,No,No,No,Layer 4,Not used,Auto,No,No,Auto
1158,R580,181.52,182.96,260,R01005_100_H01,Place,No,No,No,No,Layer 4,Not used,Auto,No,No,Auto
1159,R581,181.78,175.57,280,R0201_200_H01,Place,No,No,No,No,Layer 4,Not used,Auto,No,No,Auto
1160,R582,181.78,184.44,80,R0201_200_H01,Place,No,No,No,No,Layer 4,Not used,Auto,No,No,Auto
1161,R583,182.03,177.19,110,R01005_100_H01,Place,No,No,No,No,Layer 4,Not used,Auto,No,No,Auto
1162,R584,182.03,182.82,250,R01005_100_H01,Place,No,No,No,No,Layer 4,Not used,Auto,No,No,Auto
1163,R585,182.22,173.11,100,R0402_250_H01,Place,No,No,No,No,Layer 4,Not used,Auto,No,No,Auto
1164,R586,182.22,186.9,260,R0402_250_H01,Place,No,No,No,No,Layer 4,Not used,Auto,No,No,Auto
1165,R587,182.82,190.34,80,R0603_400_H01,Place,No,No,No,No,Layer 4,Not used,Auto,No,No,Auto
1166,R588,182.82,169.66,280,R0603_400_H01,Place,No,No,No,No,Layer 4,Not used,Auto,No,No,Auto
1167,R589,182.54,175.78,290,R0201_200_H01,Place,No,No,No,No,Layer 4,Not used,Auto,No,No,Auto
1168,R590,182.54,184.23,70,R0201_200_H01,Place,No,No,No,No,Layer 4,Not used,Auto,No,No,Auto
1169,R591,182.5,177.41,120,R01005_100_H01,Place,No,No,No,No,Layer 4,Not used,Auto,No,No,Auto
1170,R592,182.5,182.6,240,R01005_100_H01,Place,No,No,No,No,Layer 4,Not used,Auto,No,No,Auto
1171,R593,183,143,0,R0201_200_H01,Place,No,No,No,No,Layer 4,Not used,Auto,No,No,Auto
1172,R594,182.93,177.71,130,R01005_100_H01,Place,No,No,No,No,Layer 4,Not used,Auto,No,No,Auto
1173,R595,182.93,182.3,230,R01005_100_H01,Place,No,No,No,No,Layer 4,Not used,Auto,No,No,Auto
1174,R596,183.6,165.23,100,R0805_500_H01,Place,No,No,No,No,Layer 4,Not used,Auto,No,No,Auto
1175,R597,183.6,194.78,260,R0805_500_H01,Place,No,No,No,No,Layer 4,Not used,Auto,No,No,Auto
1176,R598,183.25,176.11,300,R0201_200_H01,Place,No,No,No,No,Layer 4,Not used,Auto,No,No,Auto
1177,R599,183.25,183.9,60,R0201_200_H01,Place,No,No,No,No,Layer 4,Not used,Auto,No,No,Auto
1178,R600,183.3,178.08,140,R01005_100_H01,Place,No,No,No,No,Layer 4,Not used,Auto,No,No,Auto
1179,R601,183.3,181.93,220,R01005_100_H01,Place,No,No,No,No,Layer 4,Not used,Auto,No,No,Auto
1180,R602,183.39,173.43,110,R0402_250_H01,Place,No,No,No,No,Layer 4,Not used,Auto,No,No,Auto
1181,R603,183.39,186.58,250,R0402_250_H01,Place,No,No,No,No,Layer 4,Not used,Auto,No,No,Auto
1182,R604,183.6,178.5,150,R01005_100_H01,Place,No,No,No,No,Layer 4,Not used,Auto,No,No,Auto
1183,R605,183.6,181.5,210,R01005_100_H01,Place,No,No,No,No,Layer 4,Not used,Auto,No,No,Auto
1184,R606,183.89,176.56,310,R0201_200_H01,Place,No,No,No,No,Layer 4,Not used,Auto,No,No,Auto
1185,R607,183.89,183.45,50,R0201_200_H01,Place,No,No,No,No,Layer 4,Not used,Auto,No,No,Auto
1186,R608,183.82,178.98,160,R01005_100_H01,Place,No,No,No,No,Layer 4,Not used,Auto,No,No,Auto
1187,R609,183.82,181.03,200,R01005_100_H01,Place,No,No,No,No,Layer 4,Not used,Auto,No,No,Auto
1188,R610,183.95,179.48,170,R01005_100_H01,Place,No,No,No,No,Layer 4,Not used,Auto,No,No,Auto
1189,R611,183.95,180.53,190,R01005_100_H01,Place,No,No,No,No,Layer 4,Not used,Auto,No,No,Auto
1190,R612,184,180,180,R01005_100_H01,Place,No,No,No,No,Layer 4,Not used,Auto,No,No,Auto
1191,R613,184.59,189.87,70,R0603_400_H01,Place,No,No,No,No,Layer 4,Not used,Auto,No,No,Auto
1192,R614,184.59,170.14,290,R0603_400_H01,Place,No,No,No,No,Layer 4,Not used,Auto,No,No,Auto
1193,R615,184.45,177.11,320,R0201_200_H01,Place,No,No,No,No,Layer 4,Not used,Auto,No,No,Auto
1194,R616,184.45,182.9,40,R0201_200_H01,Place,No,No,No,No,Layer 4,Not used,Auto,No,No,Auto
1195,R617,184.5,173.94,120,R0402_250_H01,Place,No,No,No,No,Layer 4,Not used,Auto,No,No,Auto
1196,R618,184.5,186.07,240,R0402_250_H01,Place,No,No,No,No,Layer 4,Not used,Auto,No,No,Auto
1197,R619,184.5,143,0,R0201_200_H01,Place,No,No,No,No,Layer 4,Not used,Auto,No,No,Auto
1198,R620,184.9,177.75,330,R0201_200_H01,Place,No,No,No,No,Layer 4,Not used,Auto,No,No,Auto
1199,R621,184.9,182.25,30,R0201_200_H01,Place,No,No,No,No,Layer 4,Not used,Auto,No,No,Auto
1200,R622,185.23,178.47,340,R0201_200_H01,Place,No,No,No,No,Layer 4,Not used,Auto,No,No,Auto
1201,R623,185.23,181.54,20,R0201_200_H01,Place,No,No,No,No,Layer 4,Not used,Auto,No,No,Auto
1202,R624,185.5,174.64,130,R0402_250_H01,Place,No,No,No,No,Layer 4,Not used,Auto,No,No,Auto
1203,R625,185.5,185.37,230,R0402_250_H01,Place,No,No,No,No,Layer 4,Not used,Auto,No,No,Auto
1204,R626,186.13,165.91,110,R0805_500_H01,Place,No,No,No,No,Layer 4,Not used,Auto,No,No,Auto
1205,R627,186.13,194.1,250,R0805_500_H01,Place,No,No,No,No,Layer 4,Not used,Auto,No,No,Auto
1206,R628,185.43,179.22,350,R0201_200_H01,Place,No,No,No,No,Layer 4,Not used,Auto,No,No,Auto
1207,R629,185.43,180.79,10,R0201_200_H01,Place,No,No,No,No,Layer 4,Not used,Auto,No,No,Auto
1208,R630,185.5,180,0,R0201_200_H01,Place,No,No,No,No,Layer 4,Not used,Auto,No,No,Auto
1209,R631,186.25,189.1,60,R0603_400_H01,Place,No,No,No,No,Layer 4,Not used,Auto,No,No,Auto
1210,R632,186.25,170.91,300,R0603_400_H01,Place,No,No,No,No,Layer 4,Not used,Auto,No,No,Auto
1211,R633,186,143,0,R0201_200_H01,Place,No,No,No,No,Layer 4,Not used,Auto,No,No,Auto
1212,R634,186.36,175.5,140,R0402_250_H01,Place,No,No,No,No,Layer 4,Not used,Auto,No,No,Auto
1213,R635,186.36,184.5,220,R0402_250_H01,Place,No,No,No,No,Layer 4,Not used,Auto,No,No,Auto
1214,R636,187.06,176.5,150,R0402_250_H01,Place,No,No,No,No,Layer 4,Not used,Auto,No,No,Auto
1215,R637,187.06,183.5,210,R0402_250_H01,Place,No,No,No,No,Layer 4,Not used,Auto,No,No,Auto
1216,R638,187.75,171.96,310,R0603_400_H01,Place,No,No,No,No,Layer 4,Not used,Auto,No,No,Auto
1217,R639,187.75,188.05,50,R0603_400_H01,Place,No,No,No,No,Layer 4,Not used,Auto,No,No,Auto
1218,R640,187.58,177.61,160,R0402_250_H01,Place,No,No,No,No,Layer 4,Not used,Auto,No,No,Auto
1219,R641,187.58,182.4,200,R0402_250_H01,Place,No,No,No,No,Layer 4,Not used,Auto,No,No,Auto
1220,R642,187.5,143,0,R0201_200_H01,Place,No,No,No,No,Layer 4,Not used,Auto,No,No,Auto
1221,R643,188.5,167.01,120,R0805_500_H01,Place,No,No,No,No,Layer 4,Not used,Auto,No,No,Auto
1222,R644,188.5,192.99,240,R0805_500_H01,Place,No,No,No,No,Layer 4,Not used,Auto,No,No,Auto
1223,R645,187.89,178.79,170,R0402_250_H01,Place,No,No,No,No,Layer 4,Not used,Auto,No,No,Auto
1224,R646,187.89,181.22,190,R0402_250_H01,Place,No,No,No,No,Layer 4,Not used,Auto,No,No,Auto
1225,R647,188,180,180,R0402_250_H01,Place,No,No,No,No,Layer 4,Not used,Auto,No,No,Auto
1226,R648,189.04,186.75,40,R0603_400_H01,Place,No,No,No,No,Layer 4,Not used,Auto,No,No,Auto
1227,R649,189.04,173.26,320,R0603_400_H01,Place,No,No,No,No,Layer 4,Not used,Auto,No,No,Auto
1228,R650,189,143,0,R0201_200_H01,Place,No,No,No,No,Layer 4,Not used,Auto,No,No,Auto
1229,R651,190.09,174.75,330,R0603_400_H01,Place,No,No,No,No,Layer 4,Not used,Auto,No,No,Auto
1230,R652,190.09,185.25,30,R0603_400_H01,Place,No,No,No,No,Layer 4,Not used,Auto,No,No,Auto
1231,R653,190.64,168.51,130,R0805_500_H01,Place,No,No,No,No,Layer 4,Not used,Auto,No,No,Auto
1232,R654,190.64,191.5,230,R0805_500_H01,Place,No,No,No,No,Layer 4,Not used,Auto,No,No,Auto
1233,R655,190.87,176.41,340,R0603_400_H01,Place,No,No,No,No,Layer 4,Not used,Auto,No,No,Auto
1234,R656,190.87,183.6,20,R0603_400_H01,Place,No,No,No,No,Layer 4,Not used,Auto,No,No,Auto
1235,R657,190.5,143,0,R0201_200_H01,Place,No,No,No,No,Layer 4,Not used,Auto,No,No,Auto
1236,R658,191.34,181.83,10,R0603_400_H01,Place,No,No,No,No,Layer 4,Not used,Auto,No,No,Auto
1237,R659,191.34,178.18,350,R0603_400_H01,Place,No,No,No,No,Layer 4,Not used,Auto,No,No,Auto
1238,R660,191.5,180,0,R0603_400_H01,Place,No,No,No,No,Layer 4,Not used,Auto,No,No,Auto
1239,R661,192.49,170.36,140,R0805_500_H01,Place,No,No,No,No,Layer 4,Not used,Auto,No,No,Auto
1240,R662,192.49,189.65,220,R0805_500_H01,Place,No,No,No,No,Layer 4,Not used,Auto,No,No,Auto
1241,R663,192,143,0,R0201_200_H01,Place,No,No,No,No,Layer 4,Not used,Auto,No,No,Auto
1242,R664,193.99,172.5,150,R0805_500_H01,Place,No,No,No,No,Layer 4,Not used,Auto,No,No,Auto
1243,R665,193.99,187.5,210,R0805_500_H01,Place,No,No,No,No,Layer 4,Not used,Auto,No,No,Auto
1244,R666,193.5,143,0,R0201_200_H01,Place,No,No,No,No,Layer 4,Not used,Auto,No,No,Auto
1245,R667,195.1,174.87,160,R0805_500_H01,Place,No,No,No,No,Layer 4,Not used,Auto,No,No,Auto
1246,R668,195.1,185.13,200,R0805_500_H01,Place,No,No,No,No,Layer 4,Not used,Auto,No,No,Auto
1247,R669,195.77,177.4,170,R0805_500_H01,Place,No,No,No,No,Layer 4,Not used,Auto,No,No,Auto
1248,R670,195.77,182.61,190,R0805_500_H01,Place,No,No,No,No,Layer 4,Not used,Auto,No,No,Auto
1249,R671,196,180,180,R0805_500_H01,Place,No,No,No,No,Layer 4,Not used,Auto,No,No,Auto
1250,RN1,109.27,51.52,180,PartNo_RNET1206_3100X1600_500_H01,Place,No,No,No,No,Layer 4,Not used,Auto,No,No,Auto
1251,RN2,109.52,55.03,180,PartNo_RNET1206_3100X1600_500_H01,Place,No,No,No,No,Layer 4,Not used,Auto,No,No,Auto
1252,RN3,109.77,58.28,180,PartNo_RNET1206_3100X1600_500_H01,Place,No,No,No,No,Layer 4,Not used,Auto,No,No,Auto
1253,RN4,110.03,61.4,0,PartNo_RNET1206_3100X1600_500_H01,Place,No,No,No,No,Layer 4,Not used,Auto,No,No,Auto
1254,RN5,113.91,51.52,180,PartNo_RNET1206_3100X1600_500_H01,Place,No,No,No,No,Layer 4,Not used,Auto,No,No,Auto
1255,RN6,113.91,55.03,180,PartNo_RNET1206_3100X1600_500_H01,Place,No,No,No,No,Layer 4,Not used,Auto,No,No,Auto
1256,RN7,113.91,58.28,180,PartNo_RNET1206_3100X1600_500_H01,Place,No,No,No,No,Layer 4,Not used,Auto,No,No,Auto
1257,RN8,113.91,61.4,180,PartNo_RNET1206_3100X1600_500_H01,Place,No,No,No,No,Layer 4,Not used,Auto,No,No,Auto
1258,RN9,117.55,52.51,270,PartNo_RNET1206_3100X1600_500_H01,Place,No,No,No,No,Layer 4,Not used,Auto,No,No,Auto
1259,RN10,117.55,56.52,270,PartNo_RNET1206_3100X1600_500_H01,Place,No,No,No,No,Layer 4,Not used,Auto,No,No,Auto
1260,RN11,117.55,60.41,270,PartNo_RNET1206_3100X1600_500_H01,Place,No,No,No,No,Layer 4,Not used,Auto,No,No,Auto
1261,U1,90.5,70.19,180,SOT23-6_H01,Place,No,No,No,No,Layer 4,Not used,Auto,No,No,Auto
1262,U2,90.5,74.61,180,SOT23-6_H01,Place,No,No,No,No,Layer 4,Not used,Auto,No,No,Auto
1263,U3,90.5,78.52,180,SOT23-6_H01,Place,No,No,No,No,Layer 4,Not used,Auto,No,No,Auto
1264,U4,90.93,85.07,0,SOT553_550_H01,Place,No,No,No,No,Layer 4,Not used,Auto,No,No,Auto
1265,U5,90.93,88.22,0,SOT553_550_H01,Place,No,No,No,No,Layer 4,Not used,Auto,No,No,Auto
1266,U6,90.93,90.86,0,SOT553_550_H01,Place,No,No,No,No,Layer 4,Not used,Auto,No,No,Auto
1267,U7,93.14,85.07,0,SOT553_550_H01,Place,No,No,No,No,Layer 4,Not used,Auto,No,No,Auto
1268,U8,93.14,90.86,0,SOT553_550_H01,Place,No,No,No,No,Layer 4,Not used,Auto,No,No,Auto
1269,U9,94,70.19,180,SOT23-6_H01,Place,No,No,No,No,Layer 4,Not used,Auto,No,No,Auto
1270,U10,94,78.52,180,SOT23-6_H01,Place,No,No,No,No,Layer 4,Not used,Auto,No,No,Auto
1271,U11,93.14,88.22,180,SOT553_550_H01,Place,No,No,No,No,Layer 4,Not used,Auto,No,No,Auto
1272,U12,94,74.61,0,SOT23-6_H01,Place,No,No,No,No,Layer 4,Not used,Auto,No,No,Auto
1273,U13,95.86,85.07,0,SOT553_550_H01,Place,No,No,No,No,Layer 4,Not used,Auto,No,No,Auto
1274,U14,95.86,88.22,0,SOT553_550_H01,Place,No,No,No,No,Layer 4,Not used,Auto,No,No,Auto
1275,U15,95.86,90.86,0,SOT553_550_H01,Place,No,No,No,No,Layer 4,Not used,Auto,No,No,Auto
1276,U16,98.01,70.19,180,SOT23-6_H01,Place,No,No,No,No,Layer 4,Not used,Auto,No,No,Auto
1277,U17,98.01,74.61,180,SOT23-6_H01,Place,No,No,No,No,Layer 4,Not used,Auto,No,No,Auto
1278,U18,98.01,78.52,180,SOT23-6_H01,Place,No,No,No,No,Layer 4,Not used,Auto,No,No,Auto
1279,U19,101.62,83.45,0,SOT353-5_H01,Place,No,No,No,No,Layer 4,Not used,Auto,No,No,Auto
1280,U20,101.62,87.41,0,SOT353-5_H01,Place,No,No,No,No,Layer 4,Not used,Auto,No,No,Auto
1281,U21,101.62,90.86,0,SOT353-5_H01,Place,No,No,No,No,Layer 4,Not used,Auto,No,No,Auto
1282,U22,103.46,8.46,180,BMM150_H01,Place,No,No,No,No,Layer 4,Not used,Auto,No,No,Auto
1283,U23,104.31,83.45,0,SOT353-5_H01,Place,No,No,No,No,Layer 4,Not used,Auto,No,No,Auto
1284,U24,104.31,90.86,0,SOT353-5_H01,Place,No,No,No,No,Layer 4,Not used,Auto,No,No,Auto
1285,U25,104.44,70.19,180,SOT323-6_H01,Place,No,No,No,No,Layer 4,Not used,Auto,No,No,Auto
1286,U26,104.44,74.15,180,SOT323-6_H01,Place,No,No,No,No,Layer 4,Not used,Auto,No,No,Auto
1287,U27,104.44,77.61,180,SOT323-6_H01,Place,No,No,No,No,Layer 4,Not used,Auto,No,No,Auto
1288,U28,104.31,87.41,180,SOT353-5_H01,Place,No,No,No,No,Layer 4,Not used,Auto,No,No,Auto
1289,U29,105.12,8.46,180,BMM150_H01,Place,No,No,No,No,Layer 4,Not used,Auto,No,No,Auto
1290,U30,107.13,70.19,180,SOT323-6_H01,Place,No,No,No,No,Layer 4,Not used,Auto,No,No,Auto
1291,U31,107.13,77.61,180,SOT323-6_H01,Place,No,No,No,No,Layer 4,Not used,Auto,No,No,Auto
1292,U32,107.13,74.15,0,SOT323-6_H01,Place,No,No,No,No,Layer 4,Not used,Auto,No,No,Auto
1293,U33,107.51,83.45,0,SOT353-5_H01,Place,No,No,No,No,Layer 4,Not used,Auto,No,No,Auto
1294,U34,107.51,87.41,0,SOT353-5_H01,Place,No,No,No,No,Layer 4,Not used,Auto,No,No,Auto
1295,U35,107.51,90.86,0,SOT353-5_H01,Place,No,No,No,No,Layer 4,Not used,Auto,No,No,Auto
1296,U36,110.33,70.19,180,SOT323-6_H01,Place,No,No,No,No,Layer 4,Not used,Auto,No,No,Auto
1297,U37,110.33,74.15,180,SOT323-6_H01,Place,No,No,No,No,Layer 4,Not used,Auto,No,No,Auto
1298,U38,110.33,77.61,180,SOT323-6_H01,Place,No,No,No,No,Layer 4,Not used,Auto,No,No,Auto
1299,U39,113.97,82.53,0,SOT23-5_1100_H01,Place,No,No,No,No,Layer 4,Not used,Auto,No,No,Auto
1300,U40,113.97,86.95,0,SOT23-5_1100_H01,Place,No,No,No,No,Layer 4,Not used,Auto,No,No,Auto
1301,U41,113.97,90.86,0,SOT23-5_1100_H01,Place,No,No,No,No,Layer 4,Not used,Auto,No,No,Auto
1302,U42,116.12,70.16,180,SOT563-6_H01,Place,No,No,No,No,Layer 4,Not used,Auto,No,No,Auto
1303,U43,116.12,73.31,180,SOT563-6_H01,Place,No,No,No,No,Layer 4,Not used,Auto,No,No,Auto
1304,U44,116.12,75.95,180,SOT563-6_H01,Place,No,No,No,No,Layer 4,Not used,Auto,No,No,Auto
1305,U45,117.47,82.53,0,SOT23-5_1100_H01,Place,No,No,No,No,Layer 4,Not used,Auto,No,No,Auto
1306,U46,117.47,90.86,0,SOT23-5_1100_H01,Place,No,No,No,No,Layer 4,Not used,Auto,No,No,Auto
1307,U47,117.47,86.95,180,SOT23-5_1100_H01,Place,No,No,No,No,Layer 4,Not used,Auto,No,No,Auto
1308,U48,118.33,70.16,180,SOT563-6_H01,Place,No,No,No,No,Layer 4,Not used,Auto,No,No,Auto
1309,U49,118.33,75.95,180,SOT563-6_H01,Place,No,No,No,No,Layer 4,Not used,Auto,No,No,Auto
1310,U50,118.33,73.31,0,SOT563-6_H01,Place,No,No,No,No,Layer 4,Not used,Auto,No,No,Auto
1311,U51,121.48,82.53,0,SOT23-5_1100_H01,Place,No,No,No,No,Layer 4,Not used,Auto,No,No,Auto
1312,U52,121.48,86.95,0,SOT23-5_1100_H01,Place,No,No,No,No,Layer 4,Not used,Auto,No,No,Auto
1313,U53,121.48,90.86,0,SOT23-5_1100_H01,Place,No,No,No,No,Layer 4,Not used,Auto,No,No,Auto
1314,U54,121.05,70.16,180,SOT563-6_H01,Place,No,No,No,No,Layer 4,Not used,Auto,No,No,Auto
1315,U55,121.05,73.31,180,SOT563-6_H01,Place,No,No,No,No,Layer 4,Not used,Auto,No,No,Auto
1316,U56,121.05,75.95,180,SOT563-6_H01,Place,No,No,No,No,Layer 4,Not used,Auto,No,No,Auto
1317,U57,122.65,51.97,90,DSBGA5_H01,Place,No,No,No,No,Layer 4,Not used,Auto,No,No,Auto
1318,U58,122.65,55.68,90,DSBGA5_H01,Place,No,No,No,No,Layer 4,Not used,Auto,No,No,Auto
1319,U59,122.65,58.88,90,DSBGA5_H01,Place,No,No,No,No,Layer 4,Not used,Auto,No,No,Auto
1320,U60,122.65,61.57,90,DSBGA5_H01,Place,No,No,No,No,Layer 4,Not used,Auto,No,No,Auto
1321,U69,124.12,58.88,270,DSBGA5_H01,Place,No,No,No,No,Layer 4,Not used,Auto,No,No,Auto
1322,U70,124.12,51.97,90,DSBGA5_H01,Place,No,No,No,No,Layer 4,Not used,Auto,No,No,Auto
1323,U71,124.12,55.68,90,DSBGA5_H01,Place,No,No,No,No,Layer 4,Not used,Auto,No,No,Auto
1324,U72,124.12,61.57,90,DSBGA5_H01,Place,No,No,No,No,Layer 4,Not used,Auto,No,No,Auto
1325,U73,126.1,51.97,90,DSBGA5_H01,Place,No,No,No,No,Layer 4,Not used,Auto,No,No,Auto
1326,U74,126.1,55.68,90,DSBGA5_H01,Place,No,No,No,No,Layer 4,Not used,Auto,No,No,Auto
1327,U75,126.1,58.88,90,DSBGA5_H01,Place,No,No,No,No,Layer 4,Not used,Auto,No,No,Auto
1328,U76,126.1,61.57,90,DSBGA5_H01,Place,No,No,No,No,Layer 4,Not used,Auto,No,No,Auto
1329,U77,128.59,51.97,90,DSBGA5_H01,Place,No,No,No,No,Layer 4,Not used,Auto,No,No,Auto
1330,U78,128.59,55.68,90,DSBGA5_H01,Place,No,No,No,No,Layer 4,Not used,Auto,No,No,Auto
1331,U79,128.59,58.88,90,DSBGA5_H01,Place,No,No,No,No,Layer 4,Not used,Auto,No,No,Auto
1332,U80,128.59,61.57,90,DSBGA5_H01,Place,No,No,No,No,Layer 4,Not used,Auto,No,No,Auto
1333,U81,132.07,61.57,180,X2SON_DQN_H01,Place,No,No,No,No,Layer 4,Not used,Auto,No,No,Auto
1334,U82,132.11,59.61,180,X2SON_DQN_H01,Place,No,No,No,No,Layer 4,Not used,Auto,No,No,Auto
1335,U83,132.22,54.15,180,X2SON_DQN_H01,Place,No,No,No,No,Layer 4,Not used,Auto,No,No,Auto
1336,U84,132.22,57.13,180,X2SON_DQN_H01,Place,No,No,No,No,Layer 4,Not used,Auto,No,No,Auto
1337,U85,133.53,54.15,180,X2SON_DQN_H01,Place,No,No,No,No,Layer 4,Not used,Auto,No,No,Auto
1338,U86,133.53,57.13,180,X2SON_DQN_H01,Place,No,No,No,No,Layer 4,Not used,Auto,No,No,Auto
1339,U87,133.53,61.57,180,X2SON_DQN_H01,Place,No,No,No,No,Layer 4,Not used,Auto,No,No,Auto
1340,U88,133.53,59.61,0,X2SON_DQN_H01,Place,No,No,No,No,Layer 4,Not used,Auto,No,No,Auto
1341,U89,135.5,54.15,180,X2SON_DQN_H01,Place,No,No,No,No,Layer 4,Not used,Auto,No,No,Auto
1342,U90,135.5,57.13,180,X2SON_DQN_H01,Place,No,No,No,No,Layer 4,Not used,Auto,No,No,Auto
1343,U91,135.5,59.61,180,X2SON_DQN_H01,Place,No,No,No,No,Layer 4,Not used,Auto,No,No,Auto
1344,U92,135.5,61.57,180,X2SON_DQN_H01,Place,No,No,No,No,Layer 4,Not used,Auto,No,No,Auto
1345,U93,137.97,54.15,180,X2SON_DQN_H01,Place,No,No,No,No,Layer 4,Not used,Auto,No,No,Auto
1346,U94,137.97,57.13,180,X2SON_DQN_H01,Place,No,No,No,No,Layer 4,Not used,Auto,No,No,Auto
1347,U95,137.97,59.61,180,X2SON_DQN_H01,Place,No,No,No,No,Layer 4,Not used,Auto,No,No,Auto
1348,U96,137.97,61.57,180,X2SON_DQN_H01,Place,No,No,No,No,Layer 4,Not used,Auto,No,No,Auto
1349,X1,16.61,160.64,45,SHIELD_36103166S_H01,Place,No,No,No,No,Layer 4,Not used,Auto,No,No,Auto
1350,X2,17.88,14.36,90,10FLZ-SM2-TB_V9_H01,Place,No,No,No,No,Layer 4,Not used,Auto,No,No,Auto
1351,X3,21.61,14.36,270,10FLZ-SM2-TB_V9_H01,Place,No,No,No,No,Layer 4,Not used,Auto,No,No,Auto
1352,X4,34.18,12.33,180,10FLZ-SM2-TB_V9_H01,Place,No,No,No,No,Layer 4,Not used,Auto,No,No,Auto
1353,X5,34.18,17.33,0,10FLZ-SM2-TB_V9_H01,Place,No,No,No,No,Layer 4,Not used,Auto,No,No,Auto
1354,X6,53.97,179.02,195,61083-101402LF_46000X4900_4700-100_H01,Place,No,No,No,No,Layer 4,Not used,Auto,No,No,Auto
1355,X7,122.97,40.52,0,61083-101402LF_46000X4900_4700-100_H01,Place,No,No,No,No,Layer 4,Not used,Auto,No,No,Auto
1356,X8,140.73,20.39,90,2106053-6_H01,Place,No,No,No,No,Layer 4,Not used,Auto,No,No,Auto
1357,X9,152.13,189.39,0,SHIELD_36103166S_H01,Place,No,No,No,No,Layer 4,Not used,Auto,No,No,Auto
1358,X10,138.02,94.71,180,47306-2001_H01,Place,No,No,No,No,Layer 4,Not used,Auto,No,No,Auto
1359,X11,138.25,76.96,225,47306-2001_H01,Place,No,No,No,No,Layer 4,Not used,Auto,No,No,Auto
1360,X12,189.73,93.92,180,2106053-6_H01,Place,No,No,No,No,Layer 4,Not used,Auto,No,No,Auto
1361,XTAL1,81.45,155.22,0,HC49_US-SM_H01,Place,No,No,No,No,Layer 4,Not used,Auto,No,No,Auto
1362,XTAL2,81.45,161.11,0,HC49_US-SM_H01,Place,No,No,No,No,Layer 4,Not used,Auto,No,No,Auto
1363,XTAL3,85.06,170.24,90,ABMM2_H01,Place,No,No,No,No,Layer 4,Not used,Auto,No,No,Auto
1364,XTAL4,93.57,170.24,180,ABMM2_H01,Place,No,No,No,No,Layer 4,Not used,Auto,No,No,Auto
